rm -f results.xml
"make" -f Makefile results.xml
mkdir -p sim_build
/usr/local/sbin/iverilog -o sim_build/sim.vvp -s compute_core -g2012 -g2012 -s dump_vcd -f sim_build/cmds.f  /home/hx3d/opt/hw4AI-ML/project/m2/rtl/acc_fp32.sv /home/hx3d/opt/hw4AI-ML/project/m2/rtl/compute_core.sv /home/hx3d/opt/hw4AI-ML/project/m2/rtl/interface.sv /home/hx3d/opt/hw4AI-ML/project/m2/rtl/mul_bf16.sv /home/hx3d/opt/hw4AI-ML/project/m2/rtl/pe.sv artifacts/dump_vcd.v
/home/hx3d/opt/hw4AI-ML/project/m2/rtl/mul_bf16.sv:104: sorry: constant selects in always_* processes are not fully supported (the process will be sensitive to all bits in 'exp_calc[9:0]').
/home/hx3d/opt/hw4AI-ML/project/m2/rtl/mul_bf16.sv:111: sorry: constant selects in always_* processes are not fully supported (the process will be sensitive to all bits in 'exp_calc[9:0]').
/home/hx3d/opt/hw4AI-ML/project/m2/rtl/acc_fp32.sv:125: sorry: constant selects in always_* processes are not fully supported (the process will be sensitive to all bits in 'mant_sum[27:0]').
/home/hx3d/opt/hw4AI-ML/project/m2/rtl/acc_fp32.sv:126: sorry: constant selects in always_* processes are not fully supported (the process will be sensitive to all bits in 'mant_sum[27:0]').
/home/hx3d/opt/hw4AI-ML/project/m2/rtl/acc_fp32.sv:127: sorry: constant selects in always_* processes are not fully supported (the process will be sensitive to all bits in 'mant_sum[27:0]').
/home/hx3d/opt/hw4AI-ML/project/m2/rtl/acc_fp32.sv:128: sorry: constant selects in always_* processes are not fully supported (the process will be sensitive to all bits in 'mant_sum[27:0]').
/home/hx3d/opt/hw4AI-ML/project/m2/rtl/acc_fp32.sv:129: sorry: constant selects in always_* processes are not fully supported (the process will be sensitive to all bits in 'mant_sum[27:0]').
/home/hx3d/opt/hw4AI-ML/project/m2/rtl/acc_fp32.sv:130: sorry: constant selects in always_* processes are not fully supported (the process will be sensitive to all bits in 'mant_sum[27:0]').
/home/hx3d/opt/hw4AI-ML/project/m2/rtl/acc_fp32.sv:131: sorry: constant selects in always_* processes are not fully supported (the process will be sensitive to all bits in 'mant_sum[27:0]').
/home/hx3d/opt/hw4AI-ML/project/m2/rtl/acc_fp32.sv:132: sorry: constant selects in always_* processes are not fully supported (the process will be sensitive to all bits in 'mant_sum[27:0]').
/home/hx3d/opt/hw4AI-ML/project/m2/rtl/acc_fp32.sv:133: sorry: constant selects in always_* processes are not fully supported (the process will be sensitive to all bits in 'mant_sum[27:0]').
/home/hx3d/opt/hw4AI-ML/project/m2/rtl/acc_fp32.sv:134: sorry: constant selects in always_* processes are not fully supported (the process will be sensitive to all bits in 'mant_sum[27:0]').
/home/hx3d/opt/hw4AI-ML/project/m2/rtl/acc_fp32.sv:135: sorry: constant selects in always_* processes are not fully supported (the process will be sensitive to all bits in 'mant_sum[27:0]').
/home/hx3d/opt/hw4AI-ML/project/m2/rtl/acc_fp32.sv:136: sorry: constant selects in always_* processes are not fully supported (the process will be sensitive to all bits in 'mant_sum[27:0]').
/home/hx3d/opt/hw4AI-ML/project/m2/rtl/acc_fp32.sv:137: sorry: constant selects in always_* processes are not fully supported (the process will be sensitive to all bits in 'mant_sum[27:0]').
/home/hx3d/opt/hw4AI-ML/project/m2/rtl/acc_fp32.sv:138: sorry: constant selects in always_* processes are not fully supported (the process will be sensitive to all bits in 'mant_sum[27:0]').
/home/hx3d/opt/hw4AI-ML/project/m2/rtl/acc_fp32.sv:139: sorry: constant selects in always_* processes are not fully supported (the process will be sensitive to all bits in 'mant_sum[27:0]').
/home/hx3d/opt/hw4AI-ML/project/m2/rtl/acc_fp32.sv:140: sorry: constant selects in always_* processes are not fully supported (the process will be sensitive to all bits in 'mant_sum[27:0]').
/home/hx3d/opt/hw4AI-ML/project/m2/rtl/acc_fp32.sv:141: sorry: constant selects in always_* processes are not fully supported (the process will be sensitive to all bits in 'mant_sum[27:0]').
/home/hx3d/opt/hw4AI-ML/project/m2/rtl/acc_fp32.sv:142: sorry: constant selects in always_* processes are not fully supported (the process will be sensitive to all bits in 'mant_sum[27:0]').
/home/hx3d/opt/hw4AI-ML/project/m2/rtl/acc_fp32.sv:143: sorry: constant selects in always_* processes are not fully supported (the process will be sensitive to all bits in 'mant_sum[27:0]').
/home/hx3d/opt/hw4AI-ML/project/m2/rtl/acc_fp32.sv:144: sorry: constant selects in always_* processes are not fully supported (the process will be sensitive to all bits in 'mant_sum[27:0]').
/home/hx3d/opt/hw4AI-ML/project/m2/rtl/acc_fp32.sv:145: sorry: constant selects in always_* processes are not fully supported (the process will be sensitive to all bits in 'mant_sum[27:0]').
/home/hx3d/opt/hw4AI-ML/project/m2/rtl/acc_fp32.sv:146: sorry: constant selects in always_* processes are not fully supported (the process will be sensitive to all bits in 'mant_sum[27:0]').
/home/hx3d/opt/hw4AI-ML/project/m2/rtl/acc_fp32.sv:147: sorry: constant selects in always_* processes are not fully supported (the process will be sensitive to all bits in 'mant_sum[27:0]').
/home/hx3d/opt/hw4AI-ML/project/m2/rtl/acc_fp32.sv:148: sorry: constant selects in always_* processes are not fully supported (the process will be sensitive to all bits in 'mant_sum[27:0]').
/home/hx3d/opt/hw4AI-ML/project/m2/rtl/acc_fp32.sv:149: sorry: constant selects in always_* processes are not fully supported (the process will be sensitive to all bits in 'mant_sum[27:0]').
/home/hx3d/opt/hw4AI-ML/project/m2/rtl/acc_fp32.sv:150: sorry: constant selects in always_* processes are not fully supported (the process will be sensitive to all bits in 'mant_sum[27:0]').
/home/hx3d/opt/hw4AI-ML/project/m2/rtl/acc_fp32.sv:151: sorry: constant selects in always_* processes are not fully supported (the process will be sensitive to all bits in 'mant_sum[27:0]').
/home/hx3d/opt/hw4AI-ML/project/m2/rtl/acc_fp32.sv:163: sorry: constant selects in always_* processes are not fully supported (the process will be sensitive to all bits in 'mant_sum[27:0]').
/home/hx3d/opt/hw4AI-ML/project/m2/rtl/acc_fp32.sv:188: sorry: constant selects in always_* processes are not fully supported (the process will be sensitive to all bits in 'exp_norm[8:0]').
/home/hx3d/opt/hw4AI-ML/project/m2/rtl/acc_fp32.sv:195: sorry: constant selects in always_* processes are not fully supported (the process will be sensitive to all bits in 'exp_norm[8:0]').
/home/hx3d/opt/hw4AI-ML/project/m2/rtl/acc_fp32.sv:195: sorry: constant selects in always_* processes are not fully supported (the process will be sensitive to all bits in 'mant_norm[27:0]').
/home/hx3d/opt/hw4AI-ML/project/m2/rtl/mul_bf16.sv:104: sorry: constant selects in always_* processes are not fully supported (the process will be sensitive to all bits in 'exp_calc[9:0]').
/home/hx3d/opt/hw4AI-ML/project/m2/rtl/mul_bf16.sv:111: sorry: constant selects in always_* processes are not fully supported (the process will be sensitive to all bits in 'exp_calc[9:0]').
/home/hx3d/opt/hw4AI-ML/project/m2/rtl/acc_fp32.sv:125: sorry: constant selects in always_* processes are not fully supported (the process will be sensitive to all bits in 'mant_sum[27:0]').
/home/hx3d/opt/hw4AI-ML/project/m2/rtl/acc_fp32.sv:126: sorry: constant selects in always_* processes are not fully supported (the process will be sensitive to all bits in 'mant_sum[27:0]').
/home/hx3d/opt/hw4AI-ML/project/m2/rtl/acc_fp32.sv:127: sorry: constant selects in always_* processes are not fully supported (the process will be sensitive to all bits in 'mant_sum[27:0]').
/home/hx3d/opt/hw4AI-ML/project/m2/rtl/acc_fp32.sv:128: sorry: constant selects in always_* processes are not fully supported (the process will be sensitive to all bits in 'mant_sum[27:0]').
/home/hx3d/opt/hw4AI-ML/project/m2/rtl/acc_fp32.sv:129: sorry: constant selects in always_* processes are not fully supported (the process will be sensitive to all bits in 'mant_sum[27:0]').
/home/hx3d/opt/hw4AI-ML/project/m2/rtl/acc_fp32.sv:130: sorry: constant selects in always_* processes are not fully supported (the process will be sensitive to all bits in 'mant_sum[27:0]').
/home/hx3d/opt/hw4AI-ML/project/m2/rtl/acc_fp32.sv:131: sorry: constant selects in always_* processes are not fully supported (the process will be sensitive to all bits in 'mant_sum[27:0]').
/home/hx3d/opt/hw4AI-ML/project/m2/rtl/acc_fp32.sv:132: sorry: constant selects in always_* processes are not fully supported (the process will be sensitive to all bits in 'mant_sum[27:0]').
/home/hx3d/opt/hw4AI-ML/project/m2/rtl/acc_fp32.sv:133: sorry: constant selects in always_* processes are not fully supported (the process will be sensitive to all bits in 'mant_sum[27:0]').
/home/hx3d/opt/hw4AI-ML/project/m2/rtl/acc_fp32.sv:134: sorry: constant selects in always_* processes are not fully supported (the process will be sensitive to all bits in 'mant_sum[27:0]').
/home/hx3d/opt/hw4AI-ML/project/m2/rtl/acc_fp32.sv:135: sorry: constant selects in always_* processes are not fully supported (the process will be sensitive to all bits in 'mant_sum[27:0]').
/home/hx3d/opt/hw4AI-ML/project/m2/rtl/acc_fp32.sv:136: sorry: constant selects in always_* processes are not fully supported (the process will be sensitive to all bits in 'mant_sum[27:0]').
/home/hx3d/opt/hw4AI-ML/project/m2/rtl/acc_fp32.sv:137: sorry: constant selects in always_* processes are not fully supported (the process will be sensitive to all bits in 'mant_sum[27:0]').
/home/hx3d/opt/hw4AI-ML/project/m2/rtl/acc_fp32.sv:138: sorry: constant selects in always_* processes are not fully supported (the process will be sensitive to all bits in 'mant_sum[27:0]').
/home/hx3d/opt/hw4AI-ML/project/m2/rtl/acc_fp32.sv:139: sorry: constant selects in always_* processes are not fully supported (the process will be sensitive to all bits in 'mant_sum[27:0]').
/home/hx3d/opt/hw4AI-ML/project/m2/rtl/acc_fp32.sv:140: sorry: constant selects in always_* processes are not fully supported (the process will be sensitive to all bits in 'mant_sum[27:0]').
/home/hx3d/opt/hw4AI-ML/project/m2/rtl/acc_fp32.sv:141: sorry: constant selects in always_* processes are not fully supported (the process will be sensitive to all bits in 'mant_sum[27:0]').
/home/hx3d/opt/hw4AI-ML/project/m2/rtl/acc_fp32.sv:142: sorry: constant selects in always_* processes are not fully supported (the process will be sensitive to all bits in 'mant_sum[27:0]').
/home/hx3d/opt/hw4AI-ML/project/m2/rtl/acc_fp32.sv:143: sorry: constant selects in always_* processes are not fully supported (the process will be sensitive to all bits in 'mant_sum[27:0]').
/home/hx3d/opt/hw4AI-ML/project/m2/rtl/acc_fp32.sv:144: sorry: constant selects in always_* processes are not fully supported (the process will be sensitive to all bits in 'mant_sum[27:0]').
/home/hx3d/opt/hw4AI-ML/project/m2/rtl/acc_fp32.sv:145: sorry: constant selects in always_* processes are not fully supported (the process will be sensitive to all bits in 'mant_sum[27:0]').
/home/hx3d/opt/hw4AI-ML/project/m2/rtl/acc_fp32.sv:146: sorry: constant selects in always_* processes are not fully supported (the process will be sensitive to all bits in 'mant_sum[27:0]').
/home/hx3d/opt/hw4AI-ML/project/m2/rtl/acc_fp32.sv:147: sorry: constant selects in always_* processes are not fully supported (the process will be sensitive to all bits in 'mant_sum[27:0]').
/home/hx3d/opt/hw4AI-ML/project/m2/rtl/acc_fp32.sv:148: sorry: constant selects in always_* processes are not fully supported (the process will be sensitive to all bits in 'mant_sum[27:0]').
/home/hx3d/opt/hw4AI-ML/project/m2/rtl/acc_fp32.sv:149: sorry: constant selects in always_* processes are not fully supported (the process will be sensitive to all bits in 'mant_sum[27:0]').
/home/hx3d/opt/hw4AI-ML/project/m2/rtl/acc_fp32.sv:150: sorry: constant selects in always_* processes are not fully supported (the process will be sensitive to all bits in 'mant_sum[27:0]').
/home/hx3d/opt/hw4AI-ML/project/m2/rtl/acc_fp32.sv:151: sorry: constant selects in always_* processes are not fully supported (the process will be sensitive to all bits in 'mant_sum[27:0]').
/home/hx3d/opt/hw4AI-ML/project/m2/rtl/acc_fp32.sv:163: sorry: constant selects in always_* processes are not fully supported (the process will be sensitive to all bits in 'mant_sum[27:0]').
/home/hx3d/opt/hw4AI-ML/project/m2/rtl/acc_fp32.sv:188: sorry: constant selects in always_* processes are not fully supported (the process will be sensitive to all bits in 'exp_norm[8:0]').
/home/hx3d/opt/hw4AI-ML/project/m2/rtl/acc_fp32.sv:195: sorry: constant selects in always_* processes are not fully supported (the process will be sensitive to all bits in 'exp_norm[8:0]').
/home/hx3d/opt/hw4AI-ML/project/m2/rtl/acc_fp32.sv:195: sorry: constant selects in always_* processes are not fully supported (the process will be sensitive to all bits in 'mant_norm[27:0]').
/home/hx3d/opt/hw4AI-ML/project/m2/rtl/mul_bf16.sv:104: sorry: constant selects in always_* processes are not fully supported (the process will be sensitive to all bits in 'exp_calc[9:0]').
/home/hx3d/opt/hw4AI-ML/project/m2/rtl/mul_bf16.sv:111: sorry: constant selects in always_* processes are not fully supported (the process will be sensitive to all bits in 'exp_calc[9:0]').
/home/hx3d/opt/hw4AI-ML/project/m2/rtl/acc_fp32.sv:125: sorry: constant selects in always_* processes are not fully supported (the process will be sensitive to all bits in 'mant_sum[27:0]').
/home/hx3d/opt/hw4AI-ML/project/m2/rtl/acc_fp32.sv:126: sorry: constant selects in always_* processes are not fully supported (the process will be sensitive to all bits in 'mant_sum[27:0]').
/home/hx3d/opt/hw4AI-ML/project/m2/rtl/acc_fp32.sv:127: sorry: constant selects in always_* processes are not fully supported (the process will be sensitive to all bits in 'mant_sum[27:0]').
/home/hx3d/opt/hw4AI-ML/project/m2/rtl/acc_fp32.sv:128: sorry: constant selects in always_* processes are not fully supported (the process will be sensitive to all bits in 'mant_sum[27:0]').
/home/hx3d/opt/hw4AI-ML/project/m2/rtl/acc_fp32.sv:129: sorry: constant selects in always_* processes are not fully supported (the process will be sensitive to all bits in 'mant_sum[27:0]').
/home/hx3d/opt/hw4AI-ML/project/m2/rtl/acc_fp32.sv:130: sorry: constant selects in always_* processes are not fully supported (the process will be sensitive to all bits in 'mant_sum[27:0]').
/home/hx3d/opt/hw4AI-ML/project/m2/rtl/acc_fp32.sv:131: sorry: constant selects in always_* processes are not fully supported (the process will be sensitive to all bits in 'mant_sum[27:0]').
/home/hx3d/opt/hw4AI-ML/project/m2/rtl/acc_fp32.sv:132: sorry: constant selects in always_* processes are not fully supported (the process will be sensitive to all bits in 'mant_sum[27:0]').
/home/hx3d/opt/hw4AI-ML/project/m2/rtl/acc_fp32.sv:133: sorry: constant selects in always_* processes are not fully supported (the process will be sensitive to all bits in 'mant_sum[27:0]').
/home/hx3d/opt/hw4AI-ML/project/m2/rtl/acc_fp32.sv:134: sorry: constant selects in always_* processes are not fully supported (the process will be sensitive to all bits in 'mant_sum[27:0]').
/home/hx3d/opt/hw4AI-ML/project/m2/rtl/acc_fp32.sv:135: sorry: constant selects in always_* processes are not fully supported (the process will be sensitive to all bits in 'mant_sum[27:0]').
/home/hx3d/opt/hw4AI-ML/project/m2/rtl/acc_fp32.sv:136: sorry: constant selects in always_* processes are not fully supported (the process will be sensitive to all bits in 'mant_sum[27:0]').
/home/hx3d/opt/hw4AI-ML/project/m2/rtl/acc_fp32.sv:137: sorry: constant selects in always_* processes are not fully supported (the process will be sensitive to all bits in 'mant_sum[27:0]').
/home/hx3d/opt/hw4AI-ML/project/m2/rtl/acc_fp32.sv:138: sorry: constant selects in always_* processes are not fully supported (the process will be sensitive to all bits in 'mant_sum[27:0]').
/home/hx3d/opt/hw4AI-ML/project/m2/rtl/acc_fp32.sv:139: sorry: constant selects in always_* processes are not fully supported (the process will be sensitive to all bits in 'mant_sum[27:0]').
/home/hx3d/opt/hw4AI-ML/project/m2/rtl/acc_fp32.sv:140: sorry: constant selects in always_* processes are not fully supported (the process will be sensitive to all bits in 'mant_sum[27:0]').
/home/hx3d/opt/hw4AI-ML/project/m2/rtl/acc_fp32.sv:141: sorry: constant selects in always_* processes are not fully supported (the process will be sensitive to all bits in 'mant_sum[27:0]').
/home/hx3d/opt/hw4AI-ML/project/m2/rtl/acc_fp32.sv:142: sorry: constant selects in always_* processes are not fully supported (the process will be sensitive to all bits in 'mant_sum[27:0]').
/home/hx3d/opt/hw4AI-ML/project/m2/rtl/acc_fp32.sv:143: sorry: constant selects in always_* processes are not fully supported (the process will be sensitive to all bits in 'mant_sum[27:0]').
/home/hx3d/opt/hw4AI-ML/project/m2/rtl/acc_fp32.sv:144: sorry: constant selects in always_* processes are not fully supported (the process will be sensitive to all bits in 'mant_sum[27:0]').
/home/hx3d/opt/hw4AI-ML/project/m2/rtl/acc_fp32.sv:145: sorry: constant selects in always_* processes are not fully supported (the process will be sensitive to all bits in 'mant_sum[27:0]').
/home/hx3d/opt/hw4AI-ML/project/m2/rtl/acc_fp32.sv:146: sorry: constant selects in always_* processes are not fully supported (the process will be sensitive to all bits in 'mant_sum[27:0]').
/home/hx3d/opt/hw4AI-ML/project/m2/rtl/acc_fp32.sv:147: sorry: constant selects in always_* processes are not fully supported (the process will be sensitive to all bits in 'mant_sum[27:0]').
/home/hx3d/opt/hw4AI-ML/project/m2/rtl/acc_fp32.sv:148: sorry: constant selects in always_* processes are not fully supported (the process will be sensitive to all bits in 'mant_sum[27:0]').
/home/hx3d/opt/hw4AI-ML/project/m2/rtl/acc_fp32.sv:149: sorry: constant selects in always_* processes are not fully supported (the process will be sensitive to all bits in 'mant_sum[27:0]').
/home/hx3d/opt/hw4AI-ML/project/m2/rtl/acc_fp32.sv:150: sorry: constant selects in always_* processes are not fully supported (the process will be sensitive to all bits in 'mant_sum[27:0]').
/home/hx3d/opt/hw4AI-ML/project/m2/rtl/acc_fp32.sv:151: sorry: constant selects in always_* processes are not fully supported (the process will be sensitive to all bits in 'mant_sum[27:0]').
/home/hx3d/opt/hw4AI-ML/project/m2/rtl/acc_fp32.sv:163: sorry: constant selects in always_* processes are not fully supported (the process will be sensitive to all bits in 'mant_sum[27:0]').
/home/hx3d/opt/hw4AI-ML/project/m2/rtl/acc_fp32.sv:188: sorry: constant selects in always_* processes are not fully supported (the process will be sensitive to all bits in 'exp_norm[8:0]').
/home/hx3d/opt/hw4AI-ML/project/m2/rtl/acc_fp32.sv:195: sorry: constant selects in always_* processes are not fully supported (the process will be sensitive to all bits in 'exp_norm[8:0]').
/home/hx3d/opt/hw4AI-ML/project/m2/rtl/acc_fp32.sv:195: sorry: constant selects in always_* processes are not fully supported (the process will be sensitive to all bits in 'mant_norm[27:0]').
/home/hx3d/opt/hw4AI-ML/project/m2/rtl/mul_bf16.sv:104: sorry: constant selects in always_* processes are not fully supported (the process will be sensitive to all bits in 'exp_calc[9:0]').
/home/hx3d/opt/hw4AI-ML/project/m2/rtl/mul_bf16.sv:111: sorry: constant selects in always_* processes are not fully supported (the process will be sensitive to all bits in 'exp_calc[9:0]').
/home/hx3d/opt/hw4AI-ML/project/m2/rtl/acc_fp32.sv:125: sorry: constant selects in always_* processes are not fully supported (the process will be sensitive to all bits in 'mant_sum[27:0]').
/home/hx3d/opt/hw4AI-ML/project/m2/rtl/acc_fp32.sv:126: sorry: constant selects in always_* processes are not fully supported (the process will be sensitive to all bits in 'mant_sum[27:0]').
/home/hx3d/opt/hw4AI-ML/project/m2/rtl/acc_fp32.sv:127: sorry: constant selects in always_* processes are not fully supported (the process will be sensitive to all bits in 'mant_sum[27:0]').
/home/hx3d/opt/hw4AI-ML/project/m2/rtl/acc_fp32.sv:128: sorry: constant selects in always_* processes are not fully supported (the process will be sensitive to all bits in 'mant_sum[27:0]').
/home/hx3d/opt/hw4AI-ML/project/m2/rtl/acc_fp32.sv:129: sorry: constant selects in always_* processes are not fully supported (the process will be sensitive to all bits in 'mant_sum[27:0]').
/home/hx3d/opt/hw4AI-ML/project/m2/rtl/acc_fp32.sv:130: sorry: constant selects in always_* processes are not fully supported (the process will be sensitive to all bits in 'mant_sum[27:0]').
/home/hx3d/opt/hw4AI-ML/project/m2/rtl/acc_fp32.sv:131: sorry: constant selects in always_* processes are not fully supported (the process will be sensitive to all bits in 'mant_sum[27:0]').
/home/hx3d/opt/hw4AI-ML/project/m2/rtl/acc_fp32.sv:132: sorry: constant selects in always_* processes are not fully supported (the process will be sensitive to all bits in 'mant_sum[27:0]').
/home/hx3d/opt/hw4AI-ML/project/m2/rtl/acc_fp32.sv:133: sorry: constant selects in always_* processes are not fully supported (the process will be sensitive to all bits in 'mant_sum[27:0]').
/home/hx3d/opt/hw4AI-ML/project/m2/rtl/acc_fp32.sv:134: sorry: constant selects in always_* processes are not fully supported (the process will be sensitive to all bits in 'mant_sum[27:0]').
/home/hx3d/opt/hw4AI-ML/project/m2/rtl/acc_fp32.sv:135: sorry: constant selects in always_* processes are not fully supported (the process will be sensitive to all bits in 'mant_sum[27:0]').
/home/hx3d/opt/hw4AI-ML/project/m2/rtl/acc_fp32.sv:136: sorry: constant selects in always_* processes are not fully supported (the process will be sensitive to all bits in 'mant_sum[27:0]').
/home/hx3d/opt/hw4AI-ML/project/m2/rtl/acc_fp32.sv:137: sorry: constant selects in always_* processes are not fully supported (the process will be sensitive to all bits in 'mant_sum[27:0]').
/home/hx3d/opt/hw4AI-ML/project/m2/rtl/acc_fp32.sv:138: sorry: constant selects in always_* processes are not fully supported (the process will be sensitive to all bits in 'mant_sum[27:0]').
/home/hx3d/opt/hw4AI-ML/project/m2/rtl/acc_fp32.sv:139: sorry: constant selects in always_* processes are not fully supported (the process will be sensitive to all bits in 'mant_sum[27:0]').
/home/hx3d/opt/hw4AI-ML/project/m2/rtl/acc_fp32.sv:140: sorry: constant selects in always_* processes are not fully supported (the process will be sensitive to all bits in 'mant_sum[27:0]').
/home/hx3d/opt/hw4AI-ML/project/m2/rtl/acc_fp32.sv:141: sorry: constant selects in always_* processes are not fully supported (the process will be sensitive to all bits in 'mant_sum[27:0]').
/home/hx3d/opt/hw4AI-ML/project/m2/rtl/acc_fp32.sv:142: sorry: constant selects in always_* processes are not fully supported (the process will be sensitive to all bits in 'mant_sum[27:0]').
/home/hx3d/opt/hw4AI-ML/project/m2/rtl/acc_fp32.sv:143: sorry: constant selects in always_* processes are not fully supported (the process will be sensitive to all bits in 'mant_sum[27:0]').
/home/hx3d/opt/hw4AI-ML/project/m2/rtl/acc_fp32.sv:144: sorry: constant selects in always_* processes are not fully supported (the process will be sensitive to all bits in 'mant_sum[27:0]').
/home/hx3d/opt/hw4AI-ML/project/m2/rtl/acc_fp32.sv:145: sorry: constant selects in always_* processes are not fully supported (the process will be sensitive to all bits in 'mant_sum[27:0]').
/home/hx3d/opt/hw4AI-ML/project/m2/rtl/acc_fp32.sv:146: sorry: constant selects in always_* processes are not fully supported (the process will be sensitive to all bits in 'mant_sum[27:0]').
/home/hx3d/opt/hw4AI-ML/project/m2/rtl/acc_fp32.sv:147: sorry: constant selects in always_* processes are not fully supported (the process will be sensitive to all bits in 'mant_sum[27:0]').
/home/hx3d/opt/hw4AI-ML/project/m2/rtl/acc_fp32.sv:148: sorry: constant selects in always_* processes are not fully supported (the process will be sensitive to all bits in 'mant_sum[27:0]').
/home/hx3d/opt/hw4AI-ML/project/m2/rtl/acc_fp32.sv:149: sorry: constant selects in always_* processes are not fully supported (the process will be sensitive to all bits in 'mant_sum[27:0]').
/home/hx3d/opt/hw4AI-ML/project/m2/rtl/acc_fp32.sv:150: sorry: constant selects in always_* processes are not fully supported (the process will be sensitive to all bits in 'mant_sum[27:0]').
/home/hx3d/opt/hw4AI-ML/project/m2/rtl/acc_fp32.sv:151: sorry: constant selects in always_* processes are not fully supported (the process will be sensitive to all bits in 'mant_sum[27:0]').
/home/hx3d/opt/hw4AI-ML/project/m2/rtl/acc_fp32.sv:163: sorry: constant selects in always_* processes are not fully supported (the process will be sensitive to all bits in 'mant_sum[27:0]').
/home/hx3d/opt/hw4AI-ML/project/m2/rtl/acc_fp32.sv:188: sorry: constant selects in always_* processes are not fully supported (the process will be sensitive to all bits in 'exp_norm[8:0]').
/home/hx3d/opt/hw4AI-ML/project/m2/rtl/acc_fp32.sv:195: sorry: constant selects in always_* processes are not fully supported (the process will be sensitive to all bits in 'exp_norm[8:0]').
/home/hx3d/opt/hw4AI-ML/project/m2/rtl/acc_fp32.sv:195: sorry: constant selects in always_* processes are not fully supported (the process will be sensitive to all bits in 'mant_norm[27:0]').
/home/hx3d/opt/hw4AI-ML/project/m2/rtl/mul_bf16.sv:104: sorry: constant selects in always_* processes are not fully supported (the process will be sensitive to all bits in 'exp_calc[9:0]').
/home/hx3d/opt/hw4AI-ML/project/m2/rtl/mul_bf16.sv:111: sorry: constant selects in always_* processes are not fully supported (the process will be sensitive to all bits in 'exp_calc[9:0]').
/home/hx3d/opt/hw4AI-ML/project/m2/rtl/acc_fp32.sv:125: sorry: constant selects in always_* processes are not fully supported (the process will be sensitive to all bits in 'mant_sum[27:0]').
/home/hx3d/opt/hw4AI-ML/project/m2/rtl/acc_fp32.sv:126: sorry: constant selects in always_* processes are not fully supported (the process will be sensitive to all bits in 'mant_sum[27:0]').
/home/hx3d/opt/hw4AI-ML/project/m2/rtl/acc_fp32.sv:127: sorry: constant selects in always_* processes are not fully supported (the process will be sensitive to all bits in 'mant_sum[27:0]').
/home/hx3d/opt/hw4AI-ML/project/m2/rtl/acc_fp32.sv:128: sorry: constant selects in always_* processes are not fully supported (the process will be sensitive to all bits in 'mant_sum[27:0]').
/home/hx3d/opt/hw4AI-ML/project/m2/rtl/acc_fp32.sv:129: sorry: constant selects in always_* processes are not fully supported (the process will be sensitive to all bits in 'mant_sum[27:0]').
/home/hx3d/opt/hw4AI-ML/project/m2/rtl/acc_fp32.sv:130: sorry: constant selects in always_* processes are not fully supported (the process will be sensitive to all bits in 'mant_sum[27:0]').
/home/hx3d/opt/hw4AI-ML/project/m2/rtl/acc_fp32.sv:131: sorry: constant selects in always_* processes are not fully supported (the process will be sensitive to all bits in 'mant_sum[27:0]').
/home/hx3d/opt/hw4AI-ML/project/m2/rtl/acc_fp32.sv:132: sorry: constant selects in always_* processes are not fully supported (the process will be sensitive to all bits in 'mant_sum[27:0]').
/home/hx3d/opt/hw4AI-ML/project/m2/rtl/acc_fp32.sv:133: sorry: constant selects in always_* processes are not fully supported (the process will be sensitive to all bits in 'mant_sum[27:0]').
/home/hx3d/opt/hw4AI-ML/project/m2/rtl/acc_fp32.sv:134: sorry: constant selects in always_* processes are not fully supported (the process will be sensitive to all bits in 'mant_sum[27:0]').
/home/hx3d/opt/hw4AI-ML/project/m2/rtl/acc_fp32.sv:135: sorry: constant selects in always_* processes are not fully supported (the process will be sensitive to all bits in 'mant_sum[27:0]').
/home/hx3d/opt/hw4AI-ML/project/m2/rtl/acc_fp32.sv:136: sorry: constant selects in always_* processes are not fully supported (the process will be sensitive to all bits in 'mant_sum[27:0]').
/home/hx3d/opt/hw4AI-ML/project/m2/rtl/acc_fp32.sv:137: sorry: constant selects in always_* processes are not fully supported (the process will be sensitive to all bits in 'mant_sum[27:0]').
/home/hx3d/opt/hw4AI-ML/project/m2/rtl/acc_fp32.sv:138: sorry: constant selects in always_* processes are not fully supported (the process will be sensitive to all bits in 'mant_sum[27:0]').
/home/hx3d/opt/hw4AI-ML/project/m2/rtl/acc_fp32.sv:139: sorry: constant selects in always_* processes are not fully supported (the process will be sensitive to all bits in 'mant_sum[27:0]').
/home/hx3d/opt/hw4AI-ML/project/m2/rtl/acc_fp32.sv:140: sorry: constant selects in always_* processes are not fully supported (the process will be sensitive to all bits in 'mant_sum[27:0]').
/home/hx3d/opt/hw4AI-ML/project/m2/rtl/acc_fp32.sv:141: sorry: constant selects in always_* processes are not fully supported (the process will be sensitive to all bits in 'mant_sum[27:0]').
/home/hx3d/opt/hw4AI-ML/project/m2/rtl/acc_fp32.sv:142: sorry: constant selects in always_* processes are not fully supported (the process will be sensitive to all bits in 'mant_sum[27:0]').
/home/hx3d/opt/hw4AI-ML/project/m2/rtl/acc_fp32.sv:143: sorry: constant selects in always_* processes are not fully supported (the process will be sensitive to all bits in 'mant_sum[27:0]').
/home/hx3d/opt/hw4AI-ML/project/m2/rtl/acc_fp32.sv:144: sorry: constant selects in always_* processes are not fully supported (the process will be sensitive to all bits in 'mant_sum[27:0]').
/home/hx3d/opt/hw4AI-ML/project/m2/rtl/acc_fp32.sv:145: sorry: constant selects in always_* processes are not fully supported (the process will be sensitive to all bits in 'mant_sum[27:0]').
/home/hx3d/opt/hw4AI-ML/project/m2/rtl/acc_fp32.sv:146: sorry: constant selects in always_* processes are not fully supported (the process will be sensitive to all bits in 'mant_sum[27:0]').
/home/hx3d/opt/hw4AI-ML/project/m2/rtl/acc_fp32.sv:147: sorry: constant selects in always_* processes are not fully supported (the process will be sensitive to all bits in 'mant_sum[27:0]').
/home/hx3d/opt/hw4AI-ML/project/m2/rtl/acc_fp32.sv:148: sorry: constant selects in always_* processes are not fully supported (the process will be sensitive to all bits in 'mant_sum[27:0]').
/home/hx3d/opt/hw4AI-ML/project/m2/rtl/acc_fp32.sv:149: sorry: constant selects in always_* processes are not fully supported (the process will be sensitive to all bits in 'mant_sum[27:0]').
/home/hx3d/opt/hw4AI-ML/project/m2/rtl/acc_fp32.sv:150: sorry: constant selects in always_* processes are not fully supported (the process will be sensitive to all bits in 'mant_sum[27:0]').
/home/hx3d/opt/hw4AI-ML/project/m2/rtl/acc_fp32.sv:151: sorry: constant selects in always_* processes are not fully supported (the process will be sensitive to all bits in 'mant_sum[27:0]').
/home/hx3d/opt/hw4AI-ML/project/m2/rtl/acc_fp32.sv:163: sorry: constant selects in always_* processes are not fully supported (the process will be sensitive to all bits in 'mant_sum[27:0]').
/home/hx3d/opt/hw4AI-ML/project/m2/rtl/acc_fp32.sv:188: sorry: constant selects in always_* processes are not fully supported (the process will be sensitive to all bits in 'exp_norm[8:0]').
/home/hx3d/opt/hw4AI-ML/project/m2/rtl/acc_fp32.sv:195: sorry: constant selects in always_* processes are not fully supported (the process will be sensitive to all bits in 'exp_norm[8:0]').
/home/hx3d/opt/hw4AI-ML/project/m2/rtl/acc_fp32.sv:195: sorry: constant selects in always_* processes are not fully supported (the process will be sensitive to all bits in 'mant_norm[27:0]').
/home/hx3d/opt/hw4AI-ML/project/m2/rtl/mul_bf16.sv:104: sorry: constant selects in always_* processes are not fully supported (the process will be sensitive to all bits in 'exp_calc[9:0]').
/home/hx3d/opt/hw4AI-ML/project/m2/rtl/mul_bf16.sv:111: sorry: constant selects in always_* processes are not fully supported (the process will be sensitive to all bits in 'exp_calc[9:0]').
/home/hx3d/opt/hw4AI-ML/project/m2/rtl/acc_fp32.sv:125: sorry: constant selects in always_* processes are not fully supported (the process will be sensitive to all bits in 'mant_sum[27:0]').
/home/hx3d/opt/hw4AI-ML/project/m2/rtl/acc_fp32.sv:126: sorry: constant selects in always_* processes are not fully supported (the process will be sensitive to all bits in 'mant_sum[27:0]').
/home/hx3d/opt/hw4AI-ML/project/m2/rtl/acc_fp32.sv:127: sorry: constant selects in always_* processes are not fully supported (the process will be sensitive to all bits in 'mant_sum[27:0]').
/home/hx3d/opt/hw4AI-ML/project/m2/rtl/acc_fp32.sv:128: sorry: constant selects in always_* processes are not fully supported (the process will be sensitive to all bits in 'mant_sum[27:0]').
/home/hx3d/opt/hw4AI-ML/project/m2/rtl/acc_fp32.sv:129: sorry: constant selects in always_* processes are not fully supported (the process will be sensitive to all bits in 'mant_sum[27:0]').
/home/hx3d/opt/hw4AI-ML/project/m2/rtl/acc_fp32.sv:130: sorry: constant selects in always_* processes are not fully supported (the process will be sensitive to all bits in 'mant_sum[27:0]').
/home/hx3d/opt/hw4AI-ML/project/m2/rtl/acc_fp32.sv:131: sorry: constant selects in always_* processes are not fully supported (the process will be sensitive to all bits in 'mant_sum[27:0]').
/home/hx3d/opt/hw4AI-ML/project/m2/rtl/acc_fp32.sv:132: sorry: constant selects in always_* processes are not fully supported (the process will be sensitive to all bits in 'mant_sum[27:0]').
/home/hx3d/opt/hw4AI-ML/project/m2/rtl/acc_fp32.sv:133: sorry: constant selects in always_* processes are not fully supported (the process will be sensitive to all bits in 'mant_sum[27:0]').
/home/hx3d/opt/hw4AI-ML/project/m2/rtl/acc_fp32.sv:134: sorry: constant selects in always_* processes are not fully supported (the process will be sensitive to all bits in 'mant_sum[27:0]').
/home/hx3d/opt/hw4AI-ML/project/m2/rtl/acc_fp32.sv:135: sorry: constant selects in always_* processes are not fully supported (the process will be sensitive to all bits in 'mant_sum[27:0]').
/home/hx3d/opt/hw4AI-ML/project/m2/rtl/acc_fp32.sv:136: sorry: constant selects in always_* processes are not fully supported (the process will be sensitive to all bits in 'mant_sum[27:0]').
/home/hx3d/opt/hw4AI-ML/project/m2/rtl/acc_fp32.sv:137: sorry: constant selects in always_* processes are not fully supported (the process will be sensitive to all bits in 'mant_sum[27:0]').
/home/hx3d/opt/hw4AI-ML/project/m2/rtl/acc_fp32.sv:138: sorry: constant selects in always_* processes are not fully supported (the process will be sensitive to all bits in 'mant_sum[27:0]').
/home/hx3d/opt/hw4AI-ML/project/m2/rtl/acc_fp32.sv:139: sorry: constant selects in always_* processes are not fully supported (the process will be sensitive to all bits in 'mant_sum[27:0]').
/home/hx3d/opt/hw4AI-ML/project/m2/rtl/acc_fp32.sv:140: sorry: constant selects in always_* processes are not fully supported (the process will be sensitive to all bits in 'mant_sum[27:0]').
/home/hx3d/opt/hw4AI-ML/project/m2/rtl/acc_fp32.sv:141: sorry: constant selects in always_* processes are not fully supported (the process will be sensitive to all bits in 'mant_sum[27:0]').
/home/hx3d/opt/hw4AI-ML/project/m2/rtl/acc_fp32.sv:142: sorry: constant selects in always_* processes are not fully supported (the process will be sensitive to all bits in 'mant_sum[27:0]').
/home/hx3d/opt/hw4AI-ML/project/m2/rtl/acc_fp32.sv:143: sorry: constant selects in always_* processes are not fully supported (the process will be sensitive to all bits in 'mant_sum[27:0]').
/home/hx3d/opt/hw4AI-ML/project/m2/rtl/acc_fp32.sv:144: sorry: constant selects in always_* processes are not fully supported (the process will be sensitive to all bits in 'mant_sum[27:0]').
/home/hx3d/opt/hw4AI-ML/project/m2/rtl/acc_fp32.sv:145: sorry: constant selects in always_* processes are not fully supported (the process will be sensitive to all bits in 'mant_sum[27:0]').
/home/hx3d/opt/hw4AI-ML/project/m2/rtl/acc_fp32.sv:146: sorry: constant selects in always_* processes are not fully supported (the process will be sensitive to all bits in 'mant_sum[27:0]').
/home/hx3d/opt/hw4AI-ML/project/m2/rtl/acc_fp32.sv:147: sorry: constant selects in always_* processes are not fully supported (the process will be sensitive to all bits in 'mant_sum[27:0]').
/home/hx3d/opt/hw4AI-ML/project/m2/rtl/acc_fp32.sv:148: sorry: constant selects in always_* processes are not fully supported (the process will be sensitive to all bits in 'mant_sum[27:0]').
/home/hx3d/opt/hw4AI-ML/project/m2/rtl/acc_fp32.sv:149: sorry: constant selects in always_* processes are not fully supported (the process will be sensitive to all bits in 'mant_sum[27:0]').
/home/hx3d/opt/hw4AI-ML/project/m2/rtl/acc_fp32.sv:150: sorry: constant selects in always_* processes are not fully supported (the process will be sensitive to all bits in 'mant_sum[27:0]').
/home/hx3d/opt/hw4AI-ML/project/m2/rtl/acc_fp32.sv:151: sorry: constant selects in always_* processes are not fully supported (the process will be sensitive to all bits in 'mant_sum[27:0]').
/home/hx3d/opt/hw4AI-ML/project/m2/rtl/acc_fp32.sv:163: sorry: constant selects in always_* processes are not fully supported (the process will be sensitive to all bits in 'mant_sum[27:0]').
/home/hx3d/opt/hw4AI-ML/project/m2/rtl/acc_fp32.sv:188: sorry: constant selects in always_* processes are not fully supported (the process will be sensitive to all bits in 'exp_norm[8:0]').
/home/hx3d/opt/hw4AI-ML/project/m2/rtl/acc_fp32.sv:195: sorry: constant selects in always_* processes are not fully supported (the process will be sensitive to all bits in 'exp_norm[8:0]').
/home/hx3d/opt/hw4AI-ML/project/m2/rtl/acc_fp32.sv:195: sorry: constant selects in always_* processes are not fully supported (the process will be sensitive to all bits in 'mant_norm[27:0]').
/home/hx3d/opt/hw4AI-ML/project/m2/rtl/mul_bf16.sv:104: sorry: constant selects in always_* processes are not fully supported (the process will be sensitive to all bits in 'exp_calc[9:0]').
/home/hx3d/opt/hw4AI-ML/project/m2/rtl/mul_bf16.sv:111: sorry: constant selects in always_* processes are not fully supported (the process will be sensitive to all bits in 'exp_calc[9:0]').
/home/hx3d/opt/hw4AI-ML/project/m2/rtl/acc_fp32.sv:125: sorry: constant selects in always_* processes are not fully supported (the process will be sensitive to all bits in 'mant_sum[27:0]').
/home/hx3d/opt/hw4AI-ML/project/m2/rtl/acc_fp32.sv:126: sorry: constant selects in always_* processes are not fully supported (the process will be sensitive to all bits in 'mant_sum[27:0]').
/home/hx3d/opt/hw4AI-ML/project/m2/rtl/acc_fp32.sv:127: sorry: constant selects in always_* processes are not fully supported (the process will be sensitive to all bits in 'mant_sum[27:0]').
/home/hx3d/opt/hw4AI-ML/project/m2/rtl/acc_fp32.sv:128: sorry: constant selects in always_* processes are not fully supported (the process will be sensitive to all bits in 'mant_sum[27:0]').
/home/hx3d/opt/hw4AI-ML/project/m2/rtl/acc_fp32.sv:129: sorry: constant selects in always_* processes are not fully supported (the process will be sensitive to all bits in 'mant_sum[27:0]').
/home/hx3d/opt/hw4AI-ML/project/m2/rtl/acc_fp32.sv:130: sorry: constant selects in always_* processes are not fully supported (the process will be sensitive to all bits in 'mant_sum[27:0]').
/home/hx3d/opt/hw4AI-ML/project/m2/rtl/acc_fp32.sv:131: sorry: constant selects in always_* processes are not fully supported (the process will be sensitive to all bits in 'mant_sum[27:0]').
/home/hx3d/opt/hw4AI-ML/project/m2/rtl/acc_fp32.sv:132: sorry: constant selects in always_* processes are not fully supported (the process will be sensitive to all bits in 'mant_sum[27:0]').
/home/hx3d/opt/hw4AI-ML/project/m2/rtl/acc_fp32.sv:133: sorry: constant selects in always_* processes are not fully supported (the process will be sensitive to all bits in 'mant_sum[27:0]').
/home/hx3d/opt/hw4AI-ML/project/m2/rtl/acc_fp32.sv:134: sorry: constant selects in always_* processes are not fully supported (the process will be sensitive to all bits in 'mant_sum[27:0]').
/home/hx3d/opt/hw4AI-ML/project/m2/rtl/acc_fp32.sv:135: sorry: constant selects in always_* processes are not fully supported (the process will be sensitive to all bits in 'mant_sum[27:0]').
/home/hx3d/opt/hw4AI-ML/project/m2/rtl/acc_fp32.sv:136: sorry: constant selects in always_* processes are not fully supported (the process will be sensitive to all bits in 'mant_sum[27:0]').
/home/hx3d/opt/hw4AI-ML/project/m2/rtl/acc_fp32.sv:137: sorry: constant selects in always_* processes are not fully supported (the process will be sensitive to all bits in 'mant_sum[27:0]').
/home/hx3d/opt/hw4AI-ML/project/m2/rtl/acc_fp32.sv:138: sorry: constant selects in always_* processes are not fully supported (the process will be sensitive to all bits in 'mant_sum[27:0]').
/home/hx3d/opt/hw4AI-ML/project/m2/rtl/acc_fp32.sv:139: sorry: constant selects in always_* processes are not fully supported (the process will be sensitive to all bits in 'mant_sum[27:0]').
/home/hx3d/opt/hw4AI-ML/project/m2/rtl/acc_fp32.sv:140: sorry: constant selects in always_* processes are not fully supported (the process will be sensitive to all bits in 'mant_sum[27:0]').
/home/hx3d/opt/hw4AI-ML/project/m2/rtl/acc_fp32.sv:141: sorry: constant selects in always_* processes are not fully supported (the process will be sensitive to all bits in 'mant_sum[27:0]').
/home/hx3d/opt/hw4AI-ML/project/m2/rtl/acc_fp32.sv:142: sorry: constant selects in always_* processes are not fully supported (the process will be sensitive to all bits in 'mant_sum[27:0]').
/home/hx3d/opt/hw4AI-ML/project/m2/rtl/acc_fp32.sv:143: sorry: constant selects in always_* processes are not fully supported (the process will be sensitive to all bits in 'mant_sum[27:0]').
/home/hx3d/opt/hw4AI-ML/project/m2/rtl/acc_fp32.sv:144: sorry: constant selects in always_* processes are not fully supported (the process will be sensitive to all bits in 'mant_sum[27:0]').
/home/hx3d/opt/hw4AI-ML/project/m2/rtl/acc_fp32.sv:145: sorry: constant selects in always_* processes are not fully supported (the process will be sensitive to all bits in 'mant_sum[27:0]').
/home/hx3d/opt/hw4AI-ML/project/m2/rtl/acc_fp32.sv:146: sorry: constant selects in always_* processes are not fully supported (the process will be sensitive to all bits in 'mant_sum[27:0]').
/home/hx3d/opt/hw4AI-ML/project/m2/rtl/acc_fp32.sv:147: sorry: constant selects in always_* processes are not fully supported (the process will be sensitive to all bits in 'mant_sum[27:0]').
/home/hx3d/opt/hw4AI-ML/project/m2/rtl/acc_fp32.sv:148: sorry: constant selects in always_* processes are not fully supported (the process will be sensitive to all bits in 'mant_sum[27:0]').
/home/hx3d/opt/hw4AI-ML/project/m2/rtl/acc_fp32.sv:149: sorry: constant selects in always_* processes are not fully supported (the process will be sensitive to all bits in 'mant_sum[27:0]').
/home/hx3d/opt/hw4AI-ML/project/m2/rtl/acc_fp32.sv:150: sorry: constant selects in always_* processes are not fully supported (the process will be sensitive to all bits in 'mant_sum[27:0]').
/home/hx3d/opt/hw4AI-ML/project/m2/rtl/acc_fp32.sv:151: sorry: constant selects in always_* processes are not fully supported (the process will be sensitive to all bits in 'mant_sum[27:0]').
/home/hx3d/opt/hw4AI-ML/project/m2/rtl/acc_fp32.sv:163: sorry: constant selects in always_* processes are not fully supported (the process will be sensitive to all bits in 'mant_sum[27:0]').
/home/hx3d/opt/hw4AI-ML/project/m2/rtl/acc_fp32.sv:188: sorry: constant selects in always_* processes are not fully supported (the process will be sensitive to all bits in 'exp_norm[8:0]').
/home/hx3d/opt/hw4AI-ML/project/m2/rtl/acc_fp32.sv:195: sorry: constant selects in always_* processes are not fully supported (the process will be sensitive to all bits in 'exp_norm[8:0]').
/home/hx3d/opt/hw4AI-ML/project/m2/rtl/acc_fp32.sv:195: sorry: constant selects in always_* processes are not fully supported (the process will be sensitive to all bits in 'mant_norm[27:0]').
/home/hx3d/opt/hw4AI-ML/project/m2/rtl/mul_bf16.sv:104: sorry: constant selects in always_* processes are not fully supported (the process will be sensitive to all bits in 'exp_calc[9:0]').
/home/hx3d/opt/hw4AI-ML/project/m2/rtl/mul_bf16.sv:111: sorry: constant selects in always_* processes are not fully supported (the process will be sensitive to all bits in 'exp_calc[9:0]').
/home/hx3d/opt/hw4AI-ML/project/m2/rtl/acc_fp32.sv:125: sorry: constant selects in always_* processes are not fully supported (the process will be sensitive to all bits in 'mant_sum[27:0]').
/home/hx3d/opt/hw4AI-ML/project/m2/rtl/acc_fp32.sv:126: sorry: constant selects in always_* processes are not fully supported (the process will be sensitive to all bits in 'mant_sum[27:0]').
/home/hx3d/opt/hw4AI-ML/project/m2/rtl/acc_fp32.sv:127: sorry: constant selects in always_* processes are not fully supported (the process will be sensitive to all bits in 'mant_sum[27:0]').
/home/hx3d/opt/hw4AI-ML/project/m2/rtl/acc_fp32.sv:128: sorry: constant selects in always_* processes are not fully supported (the process will be sensitive to all bits in 'mant_sum[27:0]').
/home/hx3d/opt/hw4AI-ML/project/m2/rtl/acc_fp32.sv:129: sorry: constant selects in always_* processes are not fully supported (the process will be sensitive to all bits in 'mant_sum[27:0]').
/home/hx3d/opt/hw4AI-ML/project/m2/rtl/acc_fp32.sv:130: sorry: constant selects in always_* processes are not fully supported (the process will be sensitive to all bits in 'mant_sum[27:0]').
/home/hx3d/opt/hw4AI-ML/project/m2/rtl/acc_fp32.sv:131: sorry: constant selects in always_* processes are not fully supported (the process will be sensitive to all bits in 'mant_sum[27:0]').
/home/hx3d/opt/hw4AI-ML/project/m2/rtl/acc_fp32.sv:132: sorry: constant selects in always_* processes are not fully supported (the process will be sensitive to all bits in 'mant_sum[27:0]').
/home/hx3d/opt/hw4AI-ML/project/m2/rtl/acc_fp32.sv:133: sorry: constant selects in always_* processes are not fully supported (the process will be sensitive to all bits in 'mant_sum[27:0]').
/home/hx3d/opt/hw4AI-ML/project/m2/rtl/acc_fp32.sv:134: sorry: constant selects in always_* processes are not fully supported (the process will be sensitive to all bits in 'mant_sum[27:0]').
/home/hx3d/opt/hw4AI-ML/project/m2/rtl/acc_fp32.sv:135: sorry: constant selects in always_* processes are not fully supported (the process will be sensitive to all bits in 'mant_sum[27:0]').
/home/hx3d/opt/hw4AI-ML/project/m2/rtl/acc_fp32.sv:136: sorry: constant selects in always_* processes are not fully supported (the process will be sensitive to all bits in 'mant_sum[27:0]').
/home/hx3d/opt/hw4AI-ML/project/m2/rtl/acc_fp32.sv:137: sorry: constant selects in always_* processes are not fully supported (the process will be sensitive to all bits in 'mant_sum[27:0]').
/home/hx3d/opt/hw4AI-ML/project/m2/rtl/acc_fp32.sv:138: sorry: constant selects in always_* processes are not fully supported (the process will be sensitive to all bits in 'mant_sum[27:0]').
/home/hx3d/opt/hw4AI-ML/project/m2/rtl/acc_fp32.sv:139: sorry: constant selects in always_* processes are not fully supported (the process will be sensitive to all bits in 'mant_sum[27:0]').
/home/hx3d/opt/hw4AI-ML/project/m2/rtl/acc_fp32.sv:140: sorry: constant selects in always_* processes are not fully supported (the process will be sensitive to all bits in 'mant_sum[27:0]').
/home/hx3d/opt/hw4AI-ML/project/m2/rtl/acc_fp32.sv:141: sorry: constant selects in always_* processes are not fully supported (the process will be sensitive to all bits in 'mant_sum[27:0]').
/home/hx3d/opt/hw4AI-ML/project/m2/rtl/acc_fp32.sv:142: sorry: constant selects in always_* processes are not fully supported (the process will be sensitive to all bits in 'mant_sum[27:0]').
/home/hx3d/opt/hw4AI-ML/project/m2/rtl/acc_fp32.sv:143: sorry: constant selects in always_* processes are not fully supported (the process will be sensitive to all bits in 'mant_sum[27:0]').
/home/hx3d/opt/hw4AI-ML/project/m2/rtl/acc_fp32.sv:144: sorry: constant selects in always_* processes are not fully supported (the process will be sensitive to all bits in 'mant_sum[27:0]').
/home/hx3d/opt/hw4AI-ML/project/m2/rtl/acc_fp32.sv:145: sorry: constant selects in always_* processes are not fully supported (the process will be sensitive to all bits in 'mant_sum[27:0]').
/home/hx3d/opt/hw4AI-ML/project/m2/rtl/acc_fp32.sv:146: sorry: constant selects in always_* processes are not fully supported (the process will be sensitive to all bits in 'mant_sum[27:0]').
/home/hx3d/opt/hw4AI-ML/project/m2/rtl/acc_fp32.sv:147: sorry: constant selects in always_* processes are not fully supported (the process will be sensitive to all bits in 'mant_sum[27:0]').
/home/hx3d/opt/hw4AI-ML/project/m2/rtl/acc_fp32.sv:148: sorry: constant selects in always_* processes are not fully supported (the process will be sensitive to all bits in 'mant_sum[27:0]').
/home/hx3d/opt/hw4AI-ML/project/m2/rtl/acc_fp32.sv:149: sorry: constant selects in always_* processes are not fully supported (the process will be sensitive to all bits in 'mant_sum[27:0]').
/home/hx3d/opt/hw4AI-ML/project/m2/rtl/acc_fp32.sv:150: sorry: constant selects in always_* processes are not fully supported (the process will be sensitive to all bits in 'mant_sum[27:0]').
/home/hx3d/opt/hw4AI-ML/project/m2/rtl/acc_fp32.sv:151: sorry: constant selects in always_* processes are not fully supported (the process will be sensitive to all bits in 'mant_sum[27:0]').
/home/hx3d/opt/hw4AI-ML/project/m2/rtl/acc_fp32.sv:163: sorry: constant selects in always_* processes are not fully supported (the process will be sensitive to all bits in 'mant_sum[27:0]').
/home/hx3d/opt/hw4AI-ML/project/m2/rtl/acc_fp32.sv:188: sorry: constant selects in always_* processes are not fully supported (the process will be sensitive to all bits in 'exp_norm[8:0]').
/home/hx3d/opt/hw4AI-ML/project/m2/rtl/acc_fp32.sv:195: sorry: constant selects in always_* processes are not fully supported (the process will be sensitive to all bits in 'exp_norm[8:0]').
/home/hx3d/opt/hw4AI-ML/project/m2/rtl/acc_fp32.sv:195: sorry: constant selects in always_* processes are not fully supported (the process will be sensitive to all bits in 'mant_norm[27:0]').
/home/hx3d/opt/hw4AI-ML/project/m2/rtl/mul_bf16.sv:104: sorry: constant selects in always_* processes are not fully supported (the process will be sensitive to all bits in 'exp_calc[9:0]').
/home/hx3d/opt/hw4AI-ML/project/m2/rtl/mul_bf16.sv:111: sorry: constant selects in always_* processes are not fully supported (the process will be sensitive to all bits in 'exp_calc[9:0]').
/home/hx3d/opt/hw4AI-ML/project/m2/rtl/acc_fp32.sv:125: sorry: constant selects in always_* processes are not fully supported (the process will be sensitive to all bits in 'mant_sum[27:0]').
/home/hx3d/opt/hw4AI-ML/project/m2/rtl/acc_fp32.sv:126: sorry: constant selects in always_* processes are not fully supported (the process will be sensitive to all bits in 'mant_sum[27:0]').
/home/hx3d/opt/hw4AI-ML/project/m2/rtl/acc_fp32.sv:127: sorry: constant selects in always_* processes are not fully supported (the process will be sensitive to all bits in 'mant_sum[27:0]').
/home/hx3d/opt/hw4AI-ML/project/m2/rtl/acc_fp32.sv:128: sorry: constant selects in always_* processes are not fully supported (the process will be sensitive to all bits in 'mant_sum[27:0]').
/home/hx3d/opt/hw4AI-ML/project/m2/rtl/acc_fp32.sv:129: sorry: constant selects in always_* processes are not fully supported (the process will be sensitive to all bits in 'mant_sum[27:0]').
/home/hx3d/opt/hw4AI-ML/project/m2/rtl/acc_fp32.sv:130: sorry: constant selects in always_* processes are not fully supported (the process will be sensitive to all bits in 'mant_sum[27:0]').
/home/hx3d/opt/hw4AI-ML/project/m2/rtl/acc_fp32.sv:131: sorry: constant selects in always_* processes are not fully supported (the process will be sensitive to all bits in 'mant_sum[27:0]').
/home/hx3d/opt/hw4AI-ML/project/m2/rtl/acc_fp32.sv:132: sorry: constant selects in always_* processes are not fully supported (the process will be sensitive to all bits in 'mant_sum[27:0]').
/home/hx3d/opt/hw4AI-ML/project/m2/rtl/acc_fp32.sv:133: sorry: constant selects in always_* processes are not fully supported (the process will be sensitive to all bits in 'mant_sum[27:0]').
/home/hx3d/opt/hw4AI-ML/project/m2/rtl/acc_fp32.sv:134: sorry: constant selects in always_* processes are not fully supported (the process will be sensitive to all bits in 'mant_sum[27:0]').
/home/hx3d/opt/hw4AI-ML/project/m2/rtl/acc_fp32.sv:135: sorry: constant selects in always_* processes are not fully supported (the process will be sensitive to all bits in 'mant_sum[27:0]').
/home/hx3d/opt/hw4AI-ML/project/m2/rtl/acc_fp32.sv:136: sorry: constant selects in always_* processes are not fully supported (the process will be sensitive to all bits in 'mant_sum[27:0]').
/home/hx3d/opt/hw4AI-ML/project/m2/rtl/acc_fp32.sv:137: sorry: constant selects in always_* processes are not fully supported (the process will be sensitive to all bits in 'mant_sum[27:0]').
/home/hx3d/opt/hw4AI-ML/project/m2/rtl/acc_fp32.sv:138: sorry: constant selects in always_* processes are not fully supported (the process will be sensitive to all bits in 'mant_sum[27:0]').
/home/hx3d/opt/hw4AI-ML/project/m2/rtl/acc_fp32.sv:139: sorry: constant selects in always_* processes are not fully supported (the process will be sensitive to all bits in 'mant_sum[27:0]').
/home/hx3d/opt/hw4AI-ML/project/m2/rtl/acc_fp32.sv:140: sorry: constant selects in always_* processes are not fully supported (the process will be sensitive to all bits in 'mant_sum[27:0]').
/home/hx3d/opt/hw4AI-ML/project/m2/rtl/acc_fp32.sv:141: sorry: constant selects in always_* processes are not fully supported (the process will be sensitive to all bits in 'mant_sum[27:0]').
/home/hx3d/opt/hw4AI-ML/project/m2/rtl/acc_fp32.sv:142: sorry: constant selects in always_* processes are not fully supported (the process will be sensitive to all bits in 'mant_sum[27:0]').
/home/hx3d/opt/hw4AI-ML/project/m2/rtl/acc_fp32.sv:143: sorry: constant selects in always_* processes are not fully supported (the process will be sensitive to all bits in 'mant_sum[27:0]').
/home/hx3d/opt/hw4AI-ML/project/m2/rtl/acc_fp32.sv:144: sorry: constant selects in always_* processes are not fully supported (the process will be sensitive to all bits in 'mant_sum[27:0]').
/home/hx3d/opt/hw4AI-ML/project/m2/rtl/acc_fp32.sv:145: sorry: constant selects in always_* processes are not fully supported (the process will be sensitive to all bits in 'mant_sum[27:0]').
/home/hx3d/opt/hw4AI-ML/project/m2/rtl/acc_fp32.sv:146: sorry: constant selects in always_* processes are not fully supported (the process will be sensitive to all bits in 'mant_sum[27:0]').
/home/hx3d/opt/hw4AI-ML/project/m2/rtl/acc_fp32.sv:147: sorry: constant selects in always_* processes are not fully supported (the process will be sensitive to all bits in 'mant_sum[27:0]').
/home/hx3d/opt/hw4AI-ML/project/m2/rtl/acc_fp32.sv:148: sorry: constant selects in always_* processes are not fully supported (the process will be sensitive to all bits in 'mant_sum[27:0]').
/home/hx3d/opt/hw4AI-ML/project/m2/rtl/acc_fp32.sv:149: sorry: constant selects in always_* processes are not fully supported (the process will be sensitive to all bits in 'mant_sum[27:0]').
/home/hx3d/opt/hw4AI-ML/project/m2/rtl/acc_fp32.sv:150: sorry: constant selects in always_* processes are not fully supported (the process will be sensitive to all bits in 'mant_sum[27:0]').
/home/hx3d/opt/hw4AI-ML/project/m2/rtl/acc_fp32.sv:151: sorry: constant selects in always_* processes are not fully supported (the process will be sensitive to all bits in 'mant_sum[27:0]').
/home/hx3d/opt/hw4AI-ML/project/m2/rtl/acc_fp32.sv:163: sorry: constant selects in always_* processes are not fully supported (the process will be sensitive to all bits in 'mant_sum[27:0]').
/home/hx3d/opt/hw4AI-ML/project/m2/rtl/acc_fp32.sv:188: sorry: constant selects in always_* processes are not fully supported (the process will be sensitive to all bits in 'exp_norm[8:0]').
/home/hx3d/opt/hw4AI-ML/project/m2/rtl/acc_fp32.sv:195: sorry: constant selects in always_* processes are not fully supported (the process will be sensitive to all bits in 'exp_norm[8:0]').
/home/hx3d/opt/hw4AI-ML/project/m2/rtl/acc_fp32.sv:195: sorry: constant selects in always_* processes are not fully supported (the process will be sensitive to all bits in 'mant_norm[27:0]').
/home/hx3d/opt/hw4AI-ML/project/m2/rtl/mul_bf16.sv:104: sorry: constant selects in always_* processes are not fully supported (the process will be sensitive to all bits in 'exp_calc[9:0]').
/home/hx3d/opt/hw4AI-ML/project/m2/rtl/mul_bf16.sv:111: sorry: constant selects in always_* processes are not fully supported (the process will be sensitive to all bits in 'exp_calc[9:0]').
/home/hx3d/opt/hw4AI-ML/project/m2/rtl/acc_fp32.sv:125: sorry: constant selects in always_* processes are not fully supported (the process will be sensitive to all bits in 'mant_sum[27:0]').
/home/hx3d/opt/hw4AI-ML/project/m2/rtl/acc_fp32.sv:126: sorry: constant selects in always_* processes are not fully supported (the process will be sensitive to all bits in 'mant_sum[27:0]').
/home/hx3d/opt/hw4AI-ML/project/m2/rtl/acc_fp32.sv:127: sorry: constant selects in always_* processes are not fully supported (the process will be sensitive to all bits in 'mant_sum[27:0]').
/home/hx3d/opt/hw4AI-ML/project/m2/rtl/acc_fp32.sv:128: sorry: constant selects in always_* processes are not fully supported (the process will be sensitive to all bits in 'mant_sum[27:0]').
/home/hx3d/opt/hw4AI-ML/project/m2/rtl/acc_fp32.sv:129: sorry: constant selects in always_* processes are not fully supported (the process will be sensitive to all bits in 'mant_sum[27:0]').
/home/hx3d/opt/hw4AI-ML/project/m2/rtl/acc_fp32.sv:130: sorry: constant selects in always_* processes are not fully supported (the process will be sensitive to all bits in 'mant_sum[27:0]').
/home/hx3d/opt/hw4AI-ML/project/m2/rtl/acc_fp32.sv:131: sorry: constant selects in always_* processes are not fully supported (the process will be sensitive to all bits in 'mant_sum[27:0]').
/home/hx3d/opt/hw4AI-ML/project/m2/rtl/acc_fp32.sv:132: sorry: constant selects in always_* processes are not fully supported (the process will be sensitive to all bits in 'mant_sum[27:0]').
/home/hx3d/opt/hw4AI-ML/project/m2/rtl/acc_fp32.sv:133: sorry: constant selects in always_* processes are not fully supported (the process will be sensitive to all bits in 'mant_sum[27:0]').
/home/hx3d/opt/hw4AI-ML/project/m2/rtl/acc_fp32.sv:134: sorry: constant selects in always_* processes are not fully supported (the process will be sensitive to all bits in 'mant_sum[27:0]').
/home/hx3d/opt/hw4AI-ML/project/m2/rtl/acc_fp32.sv:135: sorry: constant selects in always_* processes are not fully supported (the process will be sensitive to all bits in 'mant_sum[27:0]').
/home/hx3d/opt/hw4AI-ML/project/m2/rtl/acc_fp32.sv:136: sorry: constant selects in always_* processes are not fully supported (the process will be sensitive to all bits in 'mant_sum[27:0]').
/home/hx3d/opt/hw4AI-ML/project/m2/rtl/acc_fp32.sv:137: sorry: constant selects in always_* processes are not fully supported (the process will be sensitive to all bits in 'mant_sum[27:0]').
/home/hx3d/opt/hw4AI-ML/project/m2/rtl/acc_fp32.sv:138: sorry: constant selects in always_* processes are not fully supported (the process will be sensitive to all bits in 'mant_sum[27:0]').
/home/hx3d/opt/hw4AI-ML/project/m2/rtl/acc_fp32.sv:139: sorry: constant selects in always_* processes are not fully supported (the process will be sensitive to all bits in 'mant_sum[27:0]').
/home/hx3d/opt/hw4AI-ML/project/m2/rtl/acc_fp32.sv:140: sorry: constant selects in always_* processes are not fully supported (the process will be sensitive to all bits in 'mant_sum[27:0]').
/home/hx3d/opt/hw4AI-ML/project/m2/rtl/acc_fp32.sv:141: sorry: constant selects in always_* processes are not fully supported (the process will be sensitive to all bits in 'mant_sum[27:0]').
/home/hx3d/opt/hw4AI-ML/project/m2/rtl/acc_fp32.sv:142: sorry: constant selects in always_* processes are not fully supported (the process will be sensitive to all bits in 'mant_sum[27:0]').
/home/hx3d/opt/hw4AI-ML/project/m2/rtl/acc_fp32.sv:143: sorry: constant selects in always_* processes are not fully supported (the process will be sensitive to all bits in 'mant_sum[27:0]').
/home/hx3d/opt/hw4AI-ML/project/m2/rtl/acc_fp32.sv:144: sorry: constant selects in always_* processes are not fully supported (the process will be sensitive to all bits in 'mant_sum[27:0]').
/home/hx3d/opt/hw4AI-ML/project/m2/rtl/acc_fp32.sv:145: sorry: constant selects in always_* processes are not fully supported (the process will be sensitive to all bits in 'mant_sum[27:0]').
/home/hx3d/opt/hw4AI-ML/project/m2/rtl/acc_fp32.sv:146: sorry: constant selects in always_* processes are not fully supported (the process will be sensitive to all bits in 'mant_sum[27:0]').
/home/hx3d/opt/hw4AI-ML/project/m2/rtl/acc_fp32.sv:147: sorry: constant selects in always_* processes are not fully supported (the process will be sensitive to all bits in 'mant_sum[27:0]').
/home/hx3d/opt/hw4AI-ML/project/m2/rtl/acc_fp32.sv:148: sorry: constant selects in always_* processes are not fully supported (the process will be sensitive to all bits in 'mant_sum[27:0]').
/home/hx3d/opt/hw4AI-ML/project/m2/rtl/acc_fp32.sv:149: sorry: constant selects in always_* processes are not fully supported (the process will be sensitive to all bits in 'mant_sum[27:0]').
/home/hx3d/opt/hw4AI-ML/project/m2/rtl/acc_fp32.sv:150: sorry: constant selects in always_* processes are not fully supported (the process will be sensitive to all bits in 'mant_sum[27:0]').
/home/hx3d/opt/hw4AI-ML/project/m2/rtl/acc_fp32.sv:151: sorry: constant selects in always_* processes are not fully supported (the process will be sensitive to all bits in 'mant_sum[27:0]').
/home/hx3d/opt/hw4AI-ML/project/m2/rtl/acc_fp32.sv:163: sorry: constant selects in always_* processes are not fully supported (the process will be sensitive to all bits in 'mant_sum[27:0]').
/home/hx3d/opt/hw4AI-ML/project/m2/rtl/acc_fp32.sv:188: sorry: constant selects in always_* processes are not fully supported (the process will be sensitive to all bits in 'exp_norm[8:0]').
/home/hx3d/opt/hw4AI-ML/project/m2/rtl/acc_fp32.sv:195: sorry: constant selects in always_* processes are not fully supported (the process will be sensitive to all bits in 'exp_norm[8:0]').
/home/hx3d/opt/hw4AI-ML/project/m2/rtl/acc_fp32.sv:195: sorry: constant selects in always_* processes are not fully supported (the process will be sensitive to all bits in 'mant_norm[27:0]').
/home/hx3d/opt/hw4AI-ML/project/m2/rtl/mul_bf16.sv:104: sorry: constant selects in always_* processes are not fully supported (the process will be sensitive to all bits in 'exp_calc[9:0]').
/home/hx3d/opt/hw4AI-ML/project/m2/rtl/mul_bf16.sv:111: sorry: constant selects in always_* processes are not fully supported (the process will be sensitive to all bits in 'exp_calc[9:0]').
/home/hx3d/opt/hw4AI-ML/project/m2/rtl/acc_fp32.sv:125: sorry: constant selects in always_* processes are not fully supported (the process will be sensitive to all bits in 'mant_sum[27:0]').
/home/hx3d/opt/hw4AI-ML/project/m2/rtl/acc_fp32.sv:126: sorry: constant selects in always_* processes are not fully supported (the process will be sensitive to all bits in 'mant_sum[27:0]').
/home/hx3d/opt/hw4AI-ML/project/m2/rtl/acc_fp32.sv:127: sorry: constant selects in always_* processes are not fully supported (the process will be sensitive to all bits in 'mant_sum[27:0]').
/home/hx3d/opt/hw4AI-ML/project/m2/rtl/acc_fp32.sv:128: sorry: constant selects in always_* processes are not fully supported (the process will be sensitive to all bits in 'mant_sum[27:0]').
/home/hx3d/opt/hw4AI-ML/project/m2/rtl/acc_fp32.sv:129: sorry: constant selects in always_* processes are not fully supported (the process will be sensitive to all bits in 'mant_sum[27:0]').
/home/hx3d/opt/hw4AI-ML/project/m2/rtl/acc_fp32.sv:130: sorry: constant selects in always_* processes are not fully supported (the process will be sensitive to all bits in 'mant_sum[27:0]').
/home/hx3d/opt/hw4AI-ML/project/m2/rtl/acc_fp32.sv:131: sorry: constant selects in always_* processes are not fully supported (the process will be sensitive to all bits in 'mant_sum[27:0]').
/home/hx3d/opt/hw4AI-ML/project/m2/rtl/acc_fp32.sv:132: sorry: constant selects in always_* processes are not fully supported (the process will be sensitive to all bits in 'mant_sum[27:0]').
/home/hx3d/opt/hw4AI-ML/project/m2/rtl/acc_fp32.sv:133: sorry: constant selects in always_* processes are not fully supported (the process will be sensitive to all bits in 'mant_sum[27:0]').
/home/hx3d/opt/hw4AI-ML/project/m2/rtl/acc_fp32.sv:134: sorry: constant selects in always_* processes are not fully supported (the process will be sensitive to all bits in 'mant_sum[27:0]').
/home/hx3d/opt/hw4AI-ML/project/m2/rtl/acc_fp32.sv:135: sorry: constant selects in always_* processes are not fully supported (the process will be sensitive to all bits in 'mant_sum[27:0]').
/home/hx3d/opt/hw4AI-ML/project/m2/rtl/acc_fp32.sv:136: sorry: constant selects in always_* processes are not fully supported (the process will be sensitive to all bits in 'mant_sum[27:0]').
/home/hx3d/opt/hw4AI-ML/project/m2/rtl/acc_fp32.sv:137: sorry: constant selects in always_* processes are not fully supported (the process will be sensitive to all bits in 'mant_sum[27:0]').
/home/hx3d/opt/hw4AI-ML/project/m2/rtl/acc_fp32.sv:138: sorry: constant selects in always_* processes are not fully supported (the process will be sensitive to all bits in 'mant_sum[27:0]').
/home/hx3d/opt/hw4AI-ML/project/m2/rtl/acc_fp32.sv:139: sorry: constant selects in always_* processes are not fully supported (the process will be sensitive to all bits in 'mant_sum[27:0]').
/home/hx3d/opt/hw4AI-ML/project/m2/rtl/acc_fp32.sv:140: sorry: constant selects in always_* processes are not fully supported (the process will be sensitive to all bits in 'mant_sum[27:0]').
/home/hx3d/opt/hw4AI-ML/project/m2/rtl/acc_fp32.sv:141: sorry: constant selects in always_* processes are not fully supported (the process will be sensitive to all bits in 'mant_sum[27:0]').
/home/hx3d/opt/hw4AI-ML/project/m2/rtl/acc_fp32.sv:142: sorry: constant selects in always_* processes are not fully supported (the process will be sensitive to all bits in 'mant_sum[27:0]').
/home/hx3d/opt/hw4AI-ML/project/m2/rtl/acc_fp32.sv:143: sorry: constant selects in always_* processes are not fully supported (the process will be sensitive to all bits in 'mant_sum[27:0]').
/home/hx3d/opt/hw4AI-ML/project/m2/rtl/acc_fp32.sv:144: sorry: constant selects in always_* processes are not fully supported (the process will be sensitive to all bits in 'mant_sum[27:0]').
/home/hx3d/opt/hw4AI-ML/project/m2/rtl/acc_fp32.sv:145: sorry: constant selects in always_* processes are not fully supported (the process will be sensitive to all bits in 'mant_sum[27:0]').
/home/hx3d/opt/hw4AI-ML/project/m2/rtl/acc_fp32.sv:146: sorry: constant selects in always_* processes are not fully supported (the process will be sensitive to all bits in 'mant_sum[27:0]').
/home/hx3d/opt/hw4AI-ML/project/m2/rtl/acc_fp32.sv:147: sorry: constant selects in always_* processes are not fully supported (the process will be sensitive to all bits in 'mant_sum[27:0]').
/home/hx3d/opt/hw4AI-ML/project/m2/rtl/acc_fp32.sv:148: sorry: constant selects in always_* processes are not fully supported (the process will be sensitive to all bits in 'mant_sum[27:0]').
/home/hx3d/opt/hw4AI-ML/project/m2/rtl/acc_fp32.sv:149: sorry: constant selects in always_* processes are not fully supported (the process will be sensitive to all bits in 'mant_sum[27:0]').
/home/hx3d/opt/hw4AI-ML/project/m2/rtl/acc_fp32.sv:150: sorry: constant selects in always_* processes are not fully supported (the process will be sensitive to all bits in 'mant_sum[27:0]').
/home/hx3d/opt/hw4AI-ML/project/m2/rtl/acc_fp32.sv:151: sorry: constant selects in always_* processes are not fully supported (the process will be sensitive to all bits in 'mant_sum[27:0]').
/home/hx3d/opt/hw4AI-ML/project/m2/rtl/acc_fp32.sv:163: sorry: constant selects in always_* processes are not fully supported (the process will be sensitive to all bits in 'mant_sum[27:0]').
/home/hx3d/opt/hw4AI-ML/project/m2/rtl/acc_fp32.sv:188: sorry: constant selects in always_* processes are not fully supported (the process will be sensitive to all bits in 'exp_norm[8:0]').
/home/hx3d/opt/hw4AI-ML/project/m2/rtl/acc_fp32.sv:195: sorry: constant selects in always_* processes are not fully supported (the process will be sensitive to all bits in 'exp_norm[8:0]').
/home/hx3d/opt/hw4AI-ML/project/m2/rtl/acc_fp32.sv:195: sorry: constant selects in always_* processes are not fully supported (the process will be sensitive to all bits in 'mant_norm[27:0]').
/home/hx3d/opt/hw4AI-ML/project/m2/rtl/mul_bf16.sv:104: sorry: constant selects in always_* processes are not fully supported (the process will be sensitive to all bits in 'exp_calc[9:0]').
/home/hx3d/opt/hw4AI-ML/project/m2/rtl/mul_bf16.sv:111: sorry: constant selects in always_* processes are not fully supported (the process will be sensitive to all bits in 'exp_calc[9:0]').
/home/hx3d/opt/hw4AI-ML/project/m2/rtl/acc_fp32.sv:125: sorry: constant selects in always_* processes are not fully supported (the process will be sensitive to all bits in 'mant_sum[27:0]').
/home/hx3d/opt/hw4AI-ML/project/m2/rtl/acc_fp32.sv:126: sorry: constant selects in always_* processes are not fully supported (the process will be sensitive to all bits in 'mant_sum[27:0]').
/home/hx3d/opt/hw4AI-ML/project/m2/rtl/acc_fp32.sv:127: sorry: constant selects in always_* processes are not fully supported (the process will be sensitive to all bits in 'mant_sum[27:0]').
/home/hx3d/opt/hw4AI-ML/project/m2/rtl/acc_fp32.sv:128: sorry: constant selects in always_* processes are not fully supported (the process will be sensitive to all bits in 'mant_sum[27:0]').
/home/hx3d/opt/hw4AI-ML/project/m2/rtl/acc_fp32.sv:129: sorry: constant selects in always_* processes are not fully supported (the process will be sensitive to all bits in 'mant_sum[27:0]').
/home/hx3d/opt/hw4AI-ML/project/m2/rtl/acc_fp32.sv:130: sorry: constant selects in always_* processes are not fully supported (the process will be sensitive to all bits in 'mant_sum[27:0]').
/home/hx3d/opt/hw4AI-ML/project/m2/rtl/acc_fp32.sv:131: sorry: constant selects in always_* processes are not fully supported (the process will be sensitive to all bits in 'mant_sum[27:0]').
/home/hx3d/opt/hw4AI-ML/project/m2/rtl/acc_fp32.sv:132: sorry: constant selects in always_* processes are not fully supported (the process will be sensitive to all bits in 'mant_sum[27:0]').
/home/hx3d/opt/hw4AI-ML/project/m2/rtl/acc_fp32.sv:133: sorry: constant selects in always_* processes are not fully supported (the process will be sensitive to all bits in 'mant_sum[27:0]').
/home/hx3d/opt/hw4AI-ML/project/m2/rtl/acc_fp32.sv:134: sorry: constant selects in always_* processes are not fully supported (the process will be sensitive to all bits in 'mant_sum[27:0]').
/home/hx3d/opt/hw4AI-ML/project/m2/rtl/acc_fp32.sv:135: sorry: constant selects in always_* processes are not fully supported (the process will be sensitive to all bits in 'mant_sum[27:0]').
/home/hx3d/opt/hw4AI-ML/project/m2/rtl/acc_fp32.sv:136: sorry: constant selects in always_* processes are not fully supported (the process will be sensitive to all bits in 'mant_sum[27:0]').
/home/hx3d/opt/hw4AI-ML/project/m2/rtl/acc_fp32.sv:137: sorry: constant selects in always_* processes are not fully supported (the process will be sensitive to all bits in 'mant_sum[27:0]').
/home/hx3d/opt/hw4AI-ML/project/m2/rtl/acc_fp32.sv:138: sorry: constant selects in always_* processes are not fully supported (the process will be sensitive to all bits in 'mant_sum[27:0]').
/home/hx3d/opt/hw4AI-ML/project/m2/rtl/acc_fp32.sv:139: sorry: constant selects in always_* processes are not fully supported (the process will be sensitive to all bits in 'mant_sum[27:0]').
/home/hx3d/opt/hw4AI-ML/project/m2/rtl/acc_fp32.sv:140: sorry: constant selects in always_* processes are not fully supported (the process will be sensitive to all bits in 'mant_sum[27:0]').
/home/hx3d/opt/hw4AI-ML/project/m2/rtl/acc_fp32.sv:141: sorry: constant selects in always_* processes are not fully supported (the process will be sensitive to all bits in 'mant_sum[27:0]').
/home/hx3d/opt/hw4AI-ML/project/m2/rtl/acc_fp32.sv:142: sorry: constant selects in always_* processes are not fully supported (the process will be sensitive to all bits in 'mant_sum[27:0]').
/home/hx3d/opt/hw4AI-ML/project/m2/rtl/acc_fp32.sv:143: sorry: constant selects in always_* processes are not fully supported (the process will be sensitive to all bits in 'mant_sum[27:0]').
/home/hx3d/opt/hw4AI-ML/project/m2/rtl/acc_fp32.sv:144: sorry: constant selects in always_* processes are not fully supported (the process will be sensitive to all bits in 'mant_sum[27:0]').
/home/hx3d/opt/hw4AI-ML/project/m2/rtl/acc_fp32.sv:145: sorry: constant selects in always_* processes are not fully supported (the process will be sensitive to all bits in 'mant_sum[27:0]').
/home/hx3d/opt/hw4AI-ML/project/m2/rtl/acc_fp32.sv:146: sorry: constant selects in always_* processes are not fully supported (the process will be sensitive to all bits in 'mant_sum[27:0]').
/home/hx3d/opt/hw4AI-ML/project/m2/rtl/acc_fp32.sv:147: sorry: constant selects in always_* processes are not fully supported (the process will be sensitive to all bits in 'mant_sum[27:0]').
/home/hx3d/opt/hw4AI-ML/project/m2/rtl/acc_fp32.sv:148: sorry: constant selects in always_* processes are not fully supported (the process will be sensitive to all bits in 'mant_sum[27:0]').
/home/hx3d/opt/hw4AI-ML/project/m2/rtl/acc_fp32.sv:149: sorry: constant selects in always_* processes are not fully supported (the process will be sensitive to all bits in 'mant_sum[27:0]').
/home/hx3d/opt/hw4AI-ML/project/m2/rtl/acc_fp32.sv:150: sorry: constant selects in always_* processes are not fully supported (the process will be sensitive to all bits in 'mant_sum[27:0]').
/home/hx3d/opt/hw4AI-ML/project/m2/rtl/acc_fp32.sv:151: sorry: constant selects in always_* processes are not fully supported (the process will be sensitive to all bits in 'mant_sum[27:0]').
/home/hx3d/opt/hw4AI-ML/project/m2/rtl/acc_fp32.sv:163: sorry: constant selects in always_* processes are not fully supported (the process will be sensitive to all bits in 'mant_sum[27:0]').
/home/hx3d/opt/hw4AI-ML/project/m2/rtl/acc_fp32.sv:188: sorry: constant selects in always_* processes are not fully supported (the process will be sensitive to all bits in 'exp_norm[8:0]').
/home/hx3d/opt/hw4AI-ML/project/m2/rtl/acc_fp32.sv:195: sorry: constant selects in always_* processes are not fully supported (the process will be sensitive to all bits in 'exp_norm[8:0]').
/home/hx3d/opt/hw4AI-ML/project/m2/rtl/acc_fp32.sv:195: sorry: constant selects in always_* processes are not fully supported (the process will be sensitive to all bits in 'mant_norm[27:0]').
/home/hx3d/opt/hw4AI-ML/project/m2/rtl/mul_bf16.sv:104: sorry: constant selects in always_* processes are not fully supported (the process will be sensitive to all bits in 'exp_calc[9:0]').
/home/hx3d/opt/hw4AI-ML/project/m2/rtl/mul_bf16.sv:111: sorry: constant selects in always_* processes are not fully supported (the process will be sensitive to all bits in 'exp_calc[9:0]').
/home/hx3d/opt/hw4AI-ML/project/m2/rtl/acc_fp32.sv:125: sorry: constant selects in always_* processes are not fully supported (the process will be sensitive to all bits in 'mant_sum[27:0]').
/home/hx3d/opt/hw4AI-ML/project/m2/rtl/acc_fp32.sv:126: sorry: constant selects in always_* processes are not fully supported (the process will be sensitive to all bits in 'mant_sum[27:0]').
/home/hx3d/opt/hw4AI-ML/project/m2/rtl/acc_fp32.sv:127: sorry: constant selects in always_* processes are not fully supported (the process will be sensitive to all bits in 'mant_sum[27:0]').
/home/hx3d/opt/hw4AI-ML/project/m2/rtl/acc_fp32.sv:128: sorry: constant selects in always_* processes are not fully supported (the process will be sensitive to all bits in 'mant_sum[27:0]').
/home/hx3d/opt/hw4AI-ML/project/m2/rtl/acc_fp32.sv:129: sorry: constant selects in always_* processes are not fully supported (the process will be sensitive to all bits in 'mant_sum[27:0]').
/home/hx3d/opt/hw4AI-ML/project/m2/rtl/acc_fp32.sv:130: sorry: constant selects in always_* processes are not fully supported (the process will be sensitive to all bits in 'mant_sum[27:0]').
/home/hx3d/opt/hw4AI-ML/project/m2/rtl/acc_fp32.sv:131: sorry: constant selects in always_* processes are not fully supported (the process will be sensitive to all bits in 'mant_sum[27:0]').
/home/hx3d/opt/hw4AI-ML/project/m2/rtl/acc_fp32.sv:132: sorry: constant selects in always_* processes are not fully supported (the process will be sensitive to all bits in 'mant_sum[27:0]').
/home/hx3d/opt/hw4AI-ML/project/m2/rtl/acc_fp32.sv:133: sorry: constant selects in always_* processes are not fully supported (the process will be sensitive to all bits in 'mant_sum[27:0]').
/home/hx3d/opt/hw4AI-ML/project/m2/rtl/acc_fp32.sv:134: sorry: constant selects in always_* processes are not fully supported (the process will be sensitive to all bits in 'mant_sum[27:0]').
/home/hx3d/opt/hw4AI-ML/project/m2/rtl/acc_fp32.sv:135: sorry: constant selects in always_* processes are not fully supported (the process will be sensitive to all bits in 'mant_sum[27:0]').
/home/hx3d/opt/hw4AI-ML/project/m2/rtl/acc_fp32.sv:136: sorry: constant selects in always_* processes are not fully supported (the process will be sensitive to all bits in 'mant_sum[27:0]').
/home/hx3d/opt/hw4AI-ML/project/m2/rtl/acc_fp32.sv:137: sorry: constant selects in always_* processes are not fully supported (the process will be sensitive to all bits in 'mant_sum[27:0]').
/home/hx3d/opt/hw4AI-ML/project/m2/rtl/acc_fp32.sv:138: sorry: constant selects in always_* processes are not fully supported (the process will be sensitive to all bits in 'mant_sum[27:0]').
/home/hx3d/opt/hw4AI-ML/project/m2/rtl/acc_fp32.sv:139: sorry: constant selects in always_* processes are not fully supported (the process will be sensitive to all bits in 'mant_sum[27:0]').
/home/hx3d/opt/hw4AI-ML/project/m2/rtl/acc_fp32.sv:140: sorry: constant selects in always_* processes are not fully supported (the process will be sensitive to all bits in 'mant_sum[27:0]').
/home/hx3d/opt/hw4AI-ML/project/m2/rtl/acc_fp32.sv:141: sorry: constant selects in always_* processes are not fully supported (the process will be sensitive to all bits in 'mant_sum[27:0]').
/home/hx3d/opt/hw4AI-ML/project/m2/rtl/acc_fp32.sv:142: sorry: constant selects in always_* processes are not fully supported (the process will be sensitive to all bits in 'mant_sum[27:0]').
/home/hx3d/opt/hw4AI-ML/project/m2/rtl/acc_fp32.sv:143: sorry: constant selects in always_* processes are not fully supported (the process will be sensitive to all bits in 'mant_sum[27:0]').
/home/hx3d/opt/hw4AI-ML/project/m2/rtl/acc_fp32.sv:144: sorry: constant selects in always_* processes are not fully supported (the process will be sensitive to all bits in 'mant_sum[27:0]').
/home/hx3d/opt/hw4AI-ML/project/m2/rtl/acc_fp32.sv:145: sorry: constant selects in always_* processes are not fully supported (the process will be sensitive to all bits in 'mant_sum[27:0]').
/home/hx3d/opt/hw4AI-ML/project/m2/rtl/acc_fp32.sv:146: sorry: constant selects in always_* processes are not fully supported (the process will be sensitive to all bits in 'mant_sum[27:0]').
/home/hx3d/opt/hw4AI-ML/project/m2/rtl/acc_fp32.sv:147: sorry: constant selects in always_* processes are not fully supported (the process will be sensitive to all bits in 'mant_sum[27:0]').
/home/hx3d/opt/hw4AI-ML/project/m2/rtl/acc_fp32.sv:148: sorry: constant selects in always_* processes are not fully supported (the process will be sensitive to all bits in 'mant_sum[27:0]').
/home/hx3d/opt/hw4AI-ML/project/m2/rtl/acc_fp32.sv:149: sorry: constant selects in always_* processes are not fully supported (the process will be sensitive to all bits in 'mant_sum[27:0]').
/home/hx3d/opt/hw4AI-ML/project/m2/rtl/acc_fp32.sv:150: sorry: constant selects in always_* processes are not fully supported (the process will be sensitive to all bits in 'mant_sum[27:0]').
/home/hx3d/opt/hw4AI-ML/project/m2/rtl/acc_fp32.sv:151: sorry: constant selects in always_* processes are not fully supported (the process will be sensitive to all bits in 'mant_sum[27:0]').
/home/hx3d/opt/hw4AI-ML/project/m2/rtl/acc_fp32.sv:163: sorry: constant selects in always_* processes are not fully supported (the process will be sensitive to all bits in 'mant_sum[27:0]').
/home/hx3d/opt/hw4AI-ML/project/m2/rtl/acc_fp32.sv:188: sorry: constant selects in always_* processes are not fully supported (the process will be sensitive to all bits in 'exp_norm[8:0]').
/home/hx3d/opt/hw4AI-ML/project/m2/rtl/acc_fp32.sv:195: sorry: constant selects in always_* processes are not fully supported (the process will be sensitive to all bits in 'exp_norm[8:0]').
/home/hx3d/opt/hw4AI-ML/project/m2/rtl/acc_fp32.sv:195: sorry: constant selects in always_* processes are not fully supported (the process will be sensitive to all bits in 'mant_norm[27:0]').
/home/hx3d/opt/hw4AI-ML/project/m2/rtl/mul_bf16.sv:104: sorry: constant selects in always_* processes are not fully supported (the process will be sensitive to all bits in 'exp_calc[9:0]').
/home/hx3d/opt/hw4AI-ML/project/m2/rtl/mul_bf16.sv:111: sorry: constant selects in always_* processes are not fully supported (the process will be sensitive to all bits in 'exp_calc[9:0]').
/home/hx3d/opt/hw4AI-ML/project/m2/rtl/acc_fp32.sv:125: sorry: constant selects in always_* processes are not fully supported (the process will be sensitive to all bits in 'mant_sum[27:0]').
/home/hx3d/opt/hw4AI-ML/project/m2/rtl/acc_fp32.sv:126: sorry: constant selects in always_* processes are not fully supported (the process will be sensitive to all bits in 'mant_sum[27:0]').
/home/hx3d/opt/hw4AI-ML/project/m2/rtl/acc_fp32.sv:127: sorry: constant selects in always_* processes are not fully supported (the process will be sensitive to all bits in 'mant_sum[27:0]').
/home/hx3d/opt/hw4AI-ML/project/m2/rtl/acc_fp32.sv:128: sorry: constant selects in always_* processes are not fully supported (the process will be sensitive to all bits in 'mant_sum[27:0]').
/home/hx3d/opt/hw4AI-ML/project/m2/rtl/acc_fp32.sv:129: sorry: constant selects in always_* processes are not fully supported (the process will be sensitive to all bits in 'mant_sum[27:0]').
/home/hx3d/opt/hw4AI-ML/project/m2/rtl/acc_fp32.sv:130: sorry: constant selects in always_* processes are not fully supported (the process will be sensitive to all bits in 'mant_sum[27:0]').
/home/hx3d/opt/hw4AI-ML/project/m2/rtl/acc_fp32.sv:131: sorry: constant selects in always_* processes are not fully supported (the process will be sensitive to all bits in 'mant_sum[27:0]').
/home/hx3d/opt/hw4AI-ML/project/m2/rtl/acc_fp32.sv:132: sorry: constant selects in always_* processes are not fully supported (the process will be sensitive to all bits in 'mant_sum[27:0]').
/home/hx3d/opt/hw4AI-ML/project/m2/rtl/acc_fp32.sv:133: sorry: constant selects in always_* processes are not fully supported (the process will be sensitive to all bits in 'mant_sum[27:0]').
/home/hx3d/opt/hw4AI-ML/project/m2/rtl/acc_fp32.sv:134: sorry: constant selects in always_* processes are not fully supported (the process will be sensitive to all bits in 'mant_sum[27:0]').
/home/hx3d/opt/hw4AI-ML/project/m2/rtl/acc_fp32.sv:135: sorry: constant selects in always_* processes are not fully supported (the process will be sensitive to all bits in 'mant_sum[27:0]').
/home/hx3d/opt/hw4AI-ML/project/m2/rtl/acc_fp32.sv:136: sorry: constant selects in always_* processes are not fully supported (the process will be sensitive to all bits in 'mant_sum[27:0]').
/home/hx3d/opt/hw4AI-ML/project/m2/rtl/acc_fp32.sv:137: sorry: constant selects in always_* processes are not fully supported (the process will be sensitive to all bits in 'mant_sum[27:0]').
/home/hx3d/opt/hw4AI-ML/project/m2/rtl/acc_fp32.sv:138: sorry: constant selects in always_* processes are not fully supported (the process will be sensitive to all bits in 'mant_sum[27:0]').
/home/hx3d/opt/hw4AI-ML/project/m2/rtl/acc_fp32.sv:139: sorry: constant selects in always_* processes are not fully supported (the process will be sensitive to all bits in 'mant_sum[27:0]').
/home/hx3d/opt/hw4AI-ML/project/m2/rtl/acc_fp32.sv:140: sorry: constant selects in always_* processes are not fully supported (the process will be sensitive to all bits in 'mant_sum[27:0]').
/home/hx3d/opt/hw4AI-ML/project/m2/rtl/acc_fp32.sv:141: sorry: constant selects in always_* processes are not fully supported (the process will be sensitive to all bits in 'mant_sum[27:0]').
/home/hx3d/opt/hw4AI-ML/project/m2/rtl/acc_fp32.sv:142: sorry: constant selects in always_* processes are not fully supported (the process will be sensitive to all bits in 'mant_sum[27:0]').
/home/hx3d/opt/hw4AI-ML/project/m2/rtl/acc_fp32.sv:143: sorry: constant selects in always_* processes are not fully supported (the process will be sensitive to all bits in 'mant_sum[27:0]').
/home/hx3d/opt/hw4AI-ML/project/m2/rtl/acc_fp32.sv:144: sorry: constant selects in always_* processes are not fully supported (the process will be sensitive to all bits in 'mant_sum[27:0]').
/home/hx3d/opt/hw4AI-ML/project/m2/rtl/acc_fp32.sv:145: sorry: constant selects in always_* processes are not fully supported (the process will be sensitive to all bits in 'mant_sum[27:0]').
/home/hx3d/opt/hw4AI-ML/project/m2/rtl/acc_fp32.sv:146: sorry: constant selects in always_* processes are not fully supported (the process will be sensitive to all bits in 'mant_sum[27:0]').
/home/hx3d/opt/hw4AI-ML/project/m2/rtl/acc_fp32.sv:147: sorry: constant selects in always_* processes are not fully supported (the process will be sensitive to all bits in 'mant_sum[27:0]').
/home/hx3d/opt/hw4AI-ML/project/m2/rtl/acc_fp32.sv:148: sorry: constant selects in always_* processes are not fully supported (the process will be sensitive to all bits in 'mant_sum[27:0]').
/home/hx3d/opt/hw4AI-ML/project/m2/rtl/acc_fp32.sv:149: sorry: constant selects in always_* processes are not fully supported (the process will be sensitive to all bits in 'mant_sum[27:0]').
/home/hx3d/opt/hw4AI-ML/project/m2/rtl/acc_fp32.sv:150: sorry: constant selects in always_* processes are not fully supported (the process will be sensitive to all bits in 'mant_sum[27:0]').
/home/hx3d/opt/hw4AI-ML/project/m2/rtl/acc_fp32.sv:151: sorry: constant selects in always_* processes are not fully supported (the process will be sensitive to all bits in 'mant_sum[27:0]').
/home/hx3d/opt/hw4AI-ML/project/m2/rtl/acc_fp32.sv:163: sorry: constant selects in always_* processes are not fully supported (the process will be sensitive to all bits in 'mant_sum[27:0]').
/home/hx3d/opt/hw4AI-ML/project/m2/rtl/acc_fp32.sv:188: sorry: constant selects in always_* processes are not fully supported (the process will be sensitive to all bits in 'exp_norm[8:0]').
/home/hx3d/opt/hw4AI-ML/project/m2/rtl/acc_fp32.sv:195: sorry: constant selects in always_* processes are not fully supported (the process will be sensitive to all bits in 'exp_norm[8:0]').
/home/hx3d/opt/hw4AI-ML/project/m2/rtl/acc_fp32.sv:195: sorry: constant selects in always_* processes are not fully supported (the process will be sensitive to all bits in 'mant_norm[27:0]').
/home/hx3d/opt/hw4AI-ML/project/m2/rtl/mul_bf16.sv:104: sorry: constant selects in always_* processes are not fully supported (the process will be sensitive to all bits in 'exp_calc[9:0]').
/home/hx3d/opt/hw4AI-ML/project/m2/rtl/mul_bf16.sv:111: sorry: constant selects in always_* processes are not fully supported (the process will be sensitive to all bits in 'exp_calc[9:0]').
/home/hx3d/opt/hw4AI-ML/project/m2/rtl/acc_fp32.sv:125: sorry: constant selects in always_* processes are not fully supported (the process will be sensitive to all bits in 'mant_sum[27:0]').
/home/hx3d/opt/hw4AI-ML/project/m2/rtl/acc_fp32.sv:126: sorry: constant selects in always_* processes are not fully supported (the process will be sensitive to all bits in 'mant_sum[27:0]').
/home/hx3d/opt/hw4AI-ML/project/m2/rtl/acc_fp32.sv:127: sorry: constant selects in always_* processes are not fully supported (the process will be sensitive to all bits in 'mant_sum[27:0]').
/home/hx3d/opt/hw4AI-ML/project/m2/rtl/acc_fp32.sv:128: sorry: constant selects in always_* processes are not fully supported (the process will be sensitive to all bits in 'mant_sum[27:0]').
/home/hx3d/opt/hw4AI-ML/project/m2/rtl/acc_fp32.sv:129: sorry: constant selects in always_* processes are not fully supported (the process will be sensitive to all bits in 'mant_sum[27:0]').
/home/hx3d/opt/hw4AI-ML/project/m2/rtl/acc_fp32.sv:130: sorry: constant selects in always_* processes are not fully supported (the process will be sensitive to all bits in 'mant_sum[27:0]').
/home/hx3d/opt/hw4AI-ML/project/m2/rtl/acc_fp32.sv:131: sorry: constant selects in always_* processes are not fully supported (the process will be sensitive to all bits in 'mant_sum[27:0]').
/home/hx3d/opt/hw4AI-ML/project/m2/rtl/acc_fp32.sv:132: sorry: constant selects in always_* processes are not fully supported (the process will be sensitive to all bits in 'mant_sum[27:0]').
/home/hx3d/opt/hw4AI-ML/project/m2/rtl/acc_fp32.sv:133: sorry: constant selects in always_* processes are not fully supported (the process will be sensitive to all bits in 'mant_sum[27:0]').
/home/hx3d/opt/hw4AI-ML/project/m2/rtl/acc_fp32.sv:134: sorry: constant selects in always_* processes are not fully supported (the process will be sensitive to all bits in 'mant_sum[27:0]').
/home/hx3d/opt/hw4AI-ML/project/m2/rtl/acc_fp32.sv:135: sorry: constant selects in always_* processes are not fully supported (the process will be sensitive to all bits in 'mant_sum[27:0]').
/home/hx3d/opt/hw4AI-ML/project/m2/rtl/acc_fp32.sv:136: sorry: constant selects in always_* processes are not fully supported (the process will be sensitive to all bits in 'mant_sum[27:0]').
/home/hx3d/opt/hw4AI-ML/project/m2/rtl/acc_fp32.sv:137: sorry: constant selects in always_* processes are not fully supported (the process will be sensitive to all bits in 'mant_sum[27:0]').
/home/hx3d/opt/hw4AI-ML/project/m2/rtl/acc_fp32.sv:138: sorry: constant selects in always_* processes are not fully supported (the process will be sensitive to all bits in 'mant_sum[27:0]').
/home/hx3d/opt/hw4AI-ML/project/m2/rtl/acc_fp32.sv:139: sorry: constant selects in always_* processes are not fully supported (the process will be sensitive to all bits in 'mant_sum[27:0]').
/home/hx3d/opt/hw4AI-ML/project/m2/rtl/acc_fp32.sv:140: sorry: constant selects in always_* processes are not fully supported (the process will be sensitive to all bits in 'mant_sum[27:0]').
/home/hx3d/opt/hw4AI-ML/project/m2/rtl/acc_fp32.sv:141: sorry: constant selects in always_* processes are not fully supported (the process will be sensitive to all bits in 'mant_sum[27:0]').
/home/hx3d/opt/hw4AI-ML/project/m2/rtl/acc_fp32.sv:142: sorry: constant selects in always_* processes are not fully supported (the process will be sensitive to all bits in 'mant_sum[27:0]').
/home/hx3d/opt/hw4AI-ML/project/m2/rtl/acc_fp32.sv:143: sorry: constant selects in always_* processes are not fully supported (the process will be sensitive to all bits in 'mant_sum[27:0]').
/home/hx3d/opt/hw4AI-ML/project/m2/rtl/acc_fp32.sv:144: sorry: constant selects in always_* processes are not fully supported (the process will be sensitive to all bits in 'mant_sum[27:0]').
/home/hx3d/opt/hw4AI-ML/project/m2/rtl/acc_fp32.sv:145: sorry: constant selects in always_* processes are not fully supported (the process will be sensitive to all bits in 'mant_sum[27:0]').
/home/hx3d/opt/hw4AI-ML/project/m2/rtl/acc_fp32.sv:146: sorry: constant selects in always_* processes are not fully supported (the process will be sensitive to all bits in 'mant_sum[27:0]').
/home/hx3d/opt/hw4AI-ML/project/m2/rtl/acc_fp32.sv:147: sorry: constant selects in always_* processes are not fully supported (the process will be sensitive to all bits in 'mant_sum[27:0]').
/home/hx3d/opt/hw4AI-ML/project/m2/rtl/acc_fp32.sv:148: sorry: constant selects in always_* processes are not fully supported (the process will be sensitive to all bits in 'mant_sum[27:0]').
/home/hx3d/opt/hw4AI-ML/project/m2/rtl/acc_fp32.sv:149: sorry: constant selects in always_* processes are not fully supported (the process will be sensitive to all bits in 'mant_sum[27:0]').
/home/hx3d/opt/hw4AI-ML/project/m2/rtl/acc_fp32.sv:150: sorry: constant selects in always_* processes are not fully supported (the process will be sensitive to all bits in 'mant_sum[27:0]').
/home/hx3d/opt/hw4AI-ML/project/m2/rtl/acc_fp32.sv:151: sorry: constant selects in always_* processes are not fully supported (the process will be sensitive to all bits in 'mant_sum[27:0]').
/home/hx3d/opt/hw4AI-ML/project/m2/rtl/acc_fp32.sv:163: sorry: constant selects in always_* processes are not fully supported (the process will be sensitive to all bits in 'mant_sum[27:0]').
/home/hx3d/opt/hw4AI-ML/project/m2/rtl/acc_fp32.sv:188: sorry: constant selects in always_* processes are not fully supported (the process will be sensitive to all bits in 'exp_norm[8:0]').
/home/hx3d/opt/hw4AI-ML/project/m2/rtl/acc_fp32.sv:195: sorry: constant selects in always_* processes are not fully supported (the process will be sensitive to all bits in 'exp_norm[8:0]').
/home/hx3d/opt/hw4AI-ML/project/m2/rtl/acc_fp32.sv:195: sorry: constant selects in always_* processes are not fully supported (the process will be sensitive to all bits in 'mant_norm[27:0]').
/home/hx3d/opt/hw4AI-ML/project/m2/rtl/mul_bf16.sv:104: sorry: constant selects in always_* processes are not fully supported (the process will be sensitive to all bits in 'exp_calc[9:0]').
/home/hx3d/opt/hw4AI-ML/project/m2/rtl/mul_bf16.sv:111: sorry: constant selects in always_* processes are not fully supported (the process will be sensitive to all bits in 'exp_calc[9:0]').
/home/hx3d/opt/hw4AI-ML/project/m2/rtl/acc_fp32.sv:125: sorry: constant selects in always_* processes are not fully supported (the process will be sensitive to all bits in 'mant_sum[27:0]').
/home/hx3d/opt/hw4AI-ML/project/m2/rtl/acc_fp32.sv:126: sorry: constant selects in always_* processes are not fully supported (the process will be sensitive to all bits in 'mant_sum[27:0]').
/home/hx3d/opt/hw4AI-ML/project/m2/rtl/acc_fp32.sv:127: sorry: constant selects in always_* processes are not fully supported (the process will be sensitive to all bits in 'mant_sum[27:0]').
/home/hx3d/opt/hw4AI-ML/project/m2/rtl/acc_fp32.sv:128: sorry: constant selects in always_* processes are not fully supported (the process will be sensitive to all bits in 'mant_sum[27:0]').
/home/hx3d/opt/hw4AI-ML/project/m2/rtl/acc_fp32.sv:129: sorry: constant selects in always_* processes are not fully supported (the process will be sensitive to all bits in 'mant_sum[27:0]').
/home/hx3d/opt/hw4AI-ML/project/m2/rtl/acc_fp32.sv:130: sorry: constant selects in always_* processes are not fully supported (the process will be sensitive to all bits in 'mant_sum[27:0]').
/home/hx3d/opt/hw4AI-ML/project/m2/rtl/acc_fp32.sv:131: sorry: constant selects in always_* processes are not fully supported (the process will be sensitive to all bits in 'mant_sum[27:0]').
/home/hx3d/opt/hw4AI-ML/project/m2/rtl/acc_fp32.sv:132: sorry: constant selects in always_* processes are not fully supported (the process will be sensitive to all bits in 'mant_sum[27:0]').
/home/hx3d/opt/hw4AI-ML/project/m2/rtl/acc_fp32.sv:133: sorry: constant selects in always_* processes are not fully supported (the process will be sensitive to all bits in 'mant_sum[27:0]').
/home/hx3d/opt/hw4AI-ML/project/m2/rtl/acc_fp32.sv:134: sorry: constant selects in always_* processes are not fully supported (the process will be sensitive to all bits in 'mant_sum[27:0]').
/home/hx3d/opt/hw4AI-ML/project/m2/rtl/acc_fp32.sv:135: sorry: constant selects in always_* processes are not fully supported (the process will be sensitive to all bits in 'mant_sum[27:0]').
/home/hx3d/opt/hw4AI-ML/project/m2/rtl/acc_fp32.sv:136: sorry: constant selects in always_* processes are not fully supported (the process will be sensitive to all bits in 'mant_sum[27:0]').
/home/hx3d/opt/hw4AI-ML/project/m2/rtl/acc_fp32.sv:137: sorry: constant selects in always_* processes are not fully supported (the process will be sensitive to all bits in 'mant_sum[27:0]').
/home/hx3d/opt/hw4AI-ML/project/m2/rtl/acc_fp32.sv:138: sorry: constant selects in always_* processes are not fully supported (the process will be sensitive to all bits in 'mant_sum[27:0]').
/home/hx3d/opt/hw4AI-ML/project/m2/rtl/acc_fp32.sv:139: sorry: constant selects in always_* processes are not fully supported (the process will be sensitive to all bits in 'mant_sum[27:0]').
/home/hx3d/opt/hw4AI-ML/project/m2/rtl/acc_fp32.sv:140: sorry: constant selects in always_* processes are not fully supported (the process will be sensitive to all bits in 'mant_sum[27:0]').
/home/hx3d/opt/hw4AI-ML/project/m2/rtl/acc_fp32.sv:141: sorry: constant selects in always_* processes are not fully supported (the process will be sensitive to all bits in 'mant_sum[27:0]').
/home/hx3d/opt/hw4AI-ML/project/m2/rtl/acc_fp32.sv:142: sorry: constant selects in always_* processes are not fully supported (the process will be sensitive to all bits in 'mant_sum[27:0]').
/home/hx3d/opt/hw4AI-ML/project/m2/rtl/acc_fp32.sv:143: sorry: constant selects in always_* processes are not fully supported (the process will be sensitive to all bits in 'mant_sum[27:0]').
/home/hx3d/opt/hw4AI-ML/project/m2/rtl/acc_fp32.sv:144: sorry: constant selects in always_* processes are not fully supported (the process will be sensitive to all bits in 'mant_sum[27:0]').
/home/hx3d/opt/hw4AI-ML/project/m2/rtl/acc_fp32.sv:145: sorry: constant selects in always_* processes are not fully supported (the process will be sensitive to all bits in 'mant_sum[27:0]').
/home/hx3d/opt/hw4AI-ML/project/m2/rtl/acc_fp32.sv:146: sorry: constant selects in always_* processes are not fully supported (the process will be sensitive to all bits in 'mant_sum[27:0]').
/home/hx3d/opt/hw4AI-ML/project/m2/rtl/acc_fp32.sv:147: sorry: constant selects in always_* processes are not fully supported (the process will be sensitive to all bits in 'mant_sum[27:0]').
/home/hx3d/opt/hw4AI-ML/project/m2/rtl/acc_fp32.sv:148: sorry: constant selects in always_* processes are not fully supported (the process will be sensitive to all bits in 'mant_sum[27:0]').
/home/hx3d/opt/hw4AI-ML/project/m2/rtl/acc_fp32.sv:149: sorry: constant selects in always_* processes are not fully supported (the process will be sensitive to all bits in 'mant_sum[27:0]').
/home/hx3d/opt/hw4AI-ML/project/m2/rtl/acc_fp32.sv:150: sorry: constant selects in always_* processes are not fully supported (the process will be sensitive to all bits in 'mant_sum[27:0]').
/home/hx3d/opt/hw4AI-ML/project/m2/rtl/acc_fp32.sv:151: sorry: constant selects in always_* processes are not fully supported (the process will be sensitive to all bits in 'mant_sum[27:0]').
/home/hx3d/opt/hw4AI-ML/project/m2/rtl/acc_fp32.sv:163: sorry: constant selects in always_* processes are not fully supported (the process will be sensitive to all bits in 'mant_sum[27:0]').
/home/hx3d/opt/hw4AI-ML/project/m2/rtl/acc_fp32.sv:188: sorry: constant selects in always_* processes are not fully supported (the process will be sensitive to all bits in 'exp_norm[8:0]').
/home/hx3d/opt/hw4AI-ML/project/m2/rtl/acc_fp32.sv:195: sorry: constant selects in always_* processes are not fully supported (the process will be sensitive to all bits in 'exp_norm[8:0]').
/home/hx3d/opt/hw4AI-ML/project/m2/rtl/acc_fp32.sv:195: sorry: constant selects in always_* processes are not fully supported (the process will be sensitive to all bits in 'mant_norm[27:0]').
rm -f results.xml
COCOTB_TEST_MODULES=tb_compute_core COCOTB_TESTCASE= COCOTB_TEST_FILTER= COCOTB_TOPLEVEL=compute_core TOPLEVEL_LANG=verilog \
         /usr/local/sbin/vvp -M /home/hx3d/opt/hw4AI-ML/.venv-cocotb/lib/python3.11/site-packages/cocotb/libs -m libcocotbvpi_icarus   sim_build/sim.vvp   
     -.--ns INFO     gpi                                ..mbed/gpi_embed.cpp:93   in _embed_init_python              Using Python 3.11.9 interpreter at /home/hx3d/opt/hw4AI-ML/.venv-cocotb/bin/python
     -.--ns INFO     gpi                                ../gpi/GpiCommon.cpp:79   in gpi_print_registered_impl       VPI registered
     0.00ns INFO     cocotb                             Running on Icarus Verilog version 14.0 (devel)
     0.00ns INFO     cocotb                             Seeding Python random module with 1777870516
     0.00ns INFO     cocotb                             Initialized cocotb v2.0.1 from /home/hx3d/opt/hw4AI-ML/.venv-cocotb/lib64/python3.11/site-packages/cocotb
     0.00ns INFO     cocotb.regression                  pytest not found, install it to enable better AssertionError messages
     0.00ns INFO     cocotb                             Running tests
     0.00ns INFO     cocotb.regression                  running tb_compute_core.compute_core_smoke (1/2)
                                                            Reset + idle stimulus on the internal API. No protocol checks.
    31.00ns INFO     cocotb.compute_core                post-reset state = 0 (expect 0)
   111.00ns INFO     cocotb.compute_core                post-idle state = 0 (expect 0; FSM only leaves IDLE on cfg_start)
   111.00ns INFO     cocotb.compute_core                compute_core smoke test passed.
   111.00ns INFO     cocotb.regression                  tb_compute_core.compute_core_smoke passed
   111.00ns INFO     cocotb.regression                  running tb_compute_core.compute_core_gemm (2/2)
                                                            Drive one weight-stationary 4x4 GEMM tile and verify all outputs.
   111.00ns INFO     cocotb.compute_core                expected y_bf16 = [0xBE80, 0x4090, 0x3E80, 0x4040]
   422.00ns INFO     cocotb.compute_core                FSM reached DRAIN after 9 cycles in COMPUTE
   461.00ns INFO     cocotb.compute_core                captured y_bf16 = [0xBE80, 0x4090, 0x3E80, 0x4040]
   462.00ns INFO     cocotb.compute_core                  OK   y[0] = 0xBE80 (reference float = -0.25)
   462.00ns INFO     cocotb.compute_core                  OK   y[1] = 0x4090 (reference float = 4.5)
   462.00ns INFO     cocotb.compute_core                  OK   y[2] = 0x3E80 (reference float = 0.25)
   462.00ns INFO     cocotb.compute_core                  OK   y[3] = 0x4040 (reference float = 3.0)
   462.00ns INFO     cocotb.compute_core                PASS: all 4 GEMM outputs matched bit-exact
   462.00ns INFO     cocotb.regression                  tb_compute_core.compute_core_gemm passed
   462.00ns INFO     cocotb.regression                  ********************************************************************************************
                                                        ** TEST                                STATUS  SIM TIME (ns)  REAL TIME (s)  RATIO (ns/s) **
                                                        ********************************************************************************************
                                                        ** tb_compute_core.compute_core_smoke   PASS         111.00           0.00      24905.99  **
                                                        ** tb_compute_core.compute_core_gemm    PASS         351.00           0.00      77931.33  **
                                                        ********************************************************************************************
                                                        ** TESTS=2 PASS=2 FAIL=0 SKIP=0                      462.00           0.01      35122.39  **
                                                        ********************************************************************************************
VCD info: dumpfile artifacts/compute_core.vcd opened for output.
